2026-09-18 14:00:04,433 | INFO     | informe | Log de ejecución: C:\Users\PC41\Desktop\Dev\Informe Diario\salida\generar_informe.log
2026-09-18 14:00:04,438 | INFO     | modulos.cargar_historicos | Ya existe historico_omip_electricidad.csv, se omite importacion de electricidad
2026-09-18 14:00:04,439 | INFO     | modulos.cargar_historicos | Ya existe historico_omip_gas.csv, se omite importacion de gas
2026-09-18 14:00:04,439 | INFO     | modulos.cargar_historicos | Ya existe historico_mibgas.csv, se omite importación de MIBGAS historico
2026-09-18 14:00:04,439 | INFO     | informe | === Fecha de informe: 2026-09-18 00:00:00 (entrega mañana: 2026-09-19 00:00:00) ===
2026-09-18 14:00:04,463 | INFO     | modulos.descargar_omie | Descargando OMIE 2026-09-19 (https://www.omie.es/en/file-download?parents=marginalpdbc&filename=marginalpdbc_20260919.1)
2026-09-18 14:00:05,107 | WARNING  | modulos.descargar_omie | No se acumulo OMIE: OMIE no disponible para 2026-09-19 (HTTP 404)
2026-09-18 14:00:05,111 | INFO     | modulos.descargar_omip | Descargando OMIP EL FTB (2026-09-19)
2026-09-18 14:00:06,256 | INFO     | modulos.descargar_omip | OMIP EL FTB: Base Octubre - 2026 = 135.1
2026-09-18 14:00:06,256 | INFO     | modulos.descargar_omip | OMIP EL FTB: Base Noviembre - 2026 = 149.6
2026-09-18 14:00:06,256 | INFO     | modulos.descargar_omip | OMIP EL FTB: Base Diciembre - 2026 = 144.08
2026-09-18 14:00:06,257 | INFO     | modulos.descargar_omip | OMIP EL FTB: Base 4º Trim. - 2026 = 142.85
2026-09-18 14:00:06,257 | INFO     | modulos.descargar_omip | OMIP EL FTB: Base 1º Trim. - 2027 = 125.0
2026-09-18 14:00:06,257 | INFO     | modulos.descargar_omip | OMIP EL FTB: Base 2º Trim. - 2027 = 55.0
2026-09-18 14:00:06,257 | INFO     | modulos.descargar_omip | OMIP EL FTB: Base Año - 2027 = 86.8
2026-09-18 14:00:06,257 | INFO     | modulos.descargar_omip | OMIP EL FTB: Base Año - 2028 = 61.0
2026-09-18 14:00:06,257 | INFO     | modulos.descargar_omip | OMIP EL FTB: Base Año - 2029 = 57.25
2026-09-18 14:00:06,271 | INFO     | modulos.descargar_omip | Descargando OMIP NG FGF (2026-09-19)
2026-09-18 14:00:07,371 | INFO     | modulos.descargar_omip | OMIP NG FGF: Base Octubre - 2026 = 76.88
2026-09-18 14:00:07,371 | INFO     | modulos.descargar_omip | OMIP NG FGF: Base Noviembre - 2026 = 75.49
2026-09-18 14:00:07,371 | INFO     | modulos.descargar_omip | OMIP NG FGF: Base Diciembre - 2026 = 74.81
2026-09-18 14:00:07,371 | INFO     | modulos.descargar_omip | OMIP NG FGF: Base 4º Trim. - 2026 = 75.73
2026-09-18 14:00:07,371 | INFO     | modulos.descargar_omip | OMIP NG FGF: Base 1º Trim. - 2027 = 76.14
2026-09-18 14:00:07,371 | INFO     | modulos.descargar_omip | OMIP NG FGF: Base 2º Trim. - 2027 = 53.74
2026-09-18 14:00:07,371 | INFO     | modulos.descargar_omip | OMIP NG FGF: Base Año - 2027 = 56.73
2026-09-18 14:00:07,372 | INFO     | modulos.descargar_omip | OMIP NG FGF: Base Año - 2028 = 35.73
2026-09-18 14:00:07,376 | INFO     | modulos.descargar_mibgas | Descargando MIBGAS anual 2026 (https://www.mibgas.es/en/file-access/MIBGAS_Data_2026.xlsx?path=AGNO_2026/XLS)
2026-09-18 14:00:18,906 | INFO     | modulos.descargar_mibgas | MIBGAS actualizado: 2491 filas (2026)
2026-09-18 14:00:18,909 | INFO     | informe | Precio MIBGAS hoy (2026-09-18): 78.81
2026-09-18 14:00:18,910 | WARNING  | modulos.graficos | Sin datos horarios OMIE para 2026-09-19
2026-09-18 14:00:19,512 | INFO     | choreographer.browsers.chromium | Chromium init'ed with kwargs {}
2026-09-18 14:00:19,528 | INFO     | choreographer.browsers.chromium | Found chromium path: C:\Program Files (x86)\Google\Chrome\Application\chrome.exe
2026-09-18 14:00:19,529 | INFO     | choreographer.utils._tmpfile | Temp directory created: C:\Users\PC41\AppData\Local\Temp\tmpjjvink9l.
2026-09-18 14:00:19,530 | INFO     | choreographer.browser_async | Opening browser.
2026-09-18 14:00:19,549 | INFO     | choreographer.utils._tmpfile | Temp directory created: C:\Users\PC41\AppData\Local\Temp\tmppk1q4aym.
2026-09-18 14:00:19,549 | INFO     | choreographer.browsers.chromium | Temporary directory at: C:\Users\PC41\AppData\Local\Temp\tmppk1q4aym
2026-09-18 14:00:20,160 | INFO     | kaleido.kaleido | Conforming 1 to file:///C:/Users/PC41/AppData/Local/Temp/tmpjjvink9l/index.html
2026-09-18 14:00:21,901 | INFO     | kaleido.kaleido | Getting tab from queue (has 1)
2026-09-18 14:00:21,901 | INFO     | kaleido.kaleido | Got F532
2026-09-18 14:00:22,057 | INFO     | kaleido.kaleido | Reloading tab F532 before return.
2026-09-18 14:00:22,183 | INFO     | kaleido.kaleido | Putting tab F532 back (queue size: 0).
2026-09-18 14:00:22,183 | INFO     | kaleido.kaleido | Waiting for all cleanups to finish.
2026-09-18 14:00:22,183 | INFO     | kaleido.kaleido | Exiting Kaleido.
2026-09-18 14:00:22,184 | INFO     | choreographer.utils._tmpfile | TemporaryDirectory.cleanup() worked.
2026-09-18 14:00:22,185 | INFO     | choreographer.utils._tmpfile | shutil.rmtree worked.
2026-09-18 14:00:22,185 | INFO     | choreographer.browser_async | Closing browser.
2026-09-18 14:00:22,240 | INFO     | choreographer.utils._tmpfile | TemporaryDirectory.cleanup() worked.
2026-09-18 14:00:22,240 | INFO     | choreographer.utils._tmpfile | shutil.rmtree worked.
2026-09-18 14:00:22,240 | INFO     | choreographer.browser_async | Closing browser.
2026-09-18 14:00:22,240 | INFO     | kaleido.kaleido | Cancelling tasks.
2026-09-18 14:00:22,240 | INFO     | kaleido.kaleido | Exiting Kaleido/Choreo.
2026-09-18 14:00:22,694 | INFO     | choreographer.utils._tmpfile | TemporaryDirectory.cleanup() worked.
2026-09-18 14:00:22,695 | INFO     | choreographer.utils._tmpfile | shutil.rmtree worked.
2026-09-18 14:00:22,695 | INFO     | kaleido.kaleido | Cancelling tasks.
2026-09-18 14:00:22,695 | INFO     | kaleido.kaleido | Exiting Kaleido/Choreo.
2026-09-18 14:00:22,696 | INFO     | modulos.graficos | Grafico generado: C:\Users\PC41\Desktop\Dev\Informe Diario\informe_precios\datos\evol_elec_0.png
2026-09-18 14:00:22,701 | INFO     | choreographer.utils._tmpfile | TemporaryDirectory.cleanup() worked.
2026-09-18 14:00:22,701 | INFO     | choreographer.utils._tmpfile | shutil.rmtree worked.
2026-09-18 14:00:22,718 | INFO     | choreographer.browsers.chromium | Chromium init'ed with kwargs {}
2026-09-18 14:00:22,718 | INFO     | choreographer.browsers.chromium | Found chromium path: C:\Program Files (x86)\Google\Chrome\Application\chrome.exe
2026-09-18 14:00:22,718 | INFO     | choreographer.utils._tmpfile | Temp directory created: C:\Users\PC41\AppData\Local\Temp\tmplutm9a7c.
2026-09-18 14:00:22,719 | INFO     | choreographer.browser_async | Opening browser.
2026-09-18 14:00:22,720 | INFO     | choreographer.utils._tmpfile | Temp directory created: C:\Users\PC41\AppData\Local\Temp\tmp_upaqzzv.
2026-09-18 14:00:22,720 | INFO     | choreographer.browsers.chromium | Temporary directory at: C:\Users\PC41\AppData\Local\Temp\tmp_upaqzzv
2026-09-18 14:00:23,849 | INFO     | kaleido.kaleido | Conforming 1 to file:///C:/Users/PC41/AppData/Local/Temp/tmplutm9a7c/index.html
2026-09-18 14:00:25,560 | INFO     | kaleido.kaleido | Getting tab from queue (has 1)
2026-09-18 14:00:25,560 | INFO     | kaleido.kaleido | Got 3C93
2026-09-18 14:00:25,683 | INFO     | kaleido.kaleido | Reloading tab 3C93 before return.
2026-09-18 14:00:25,811 | INFO     | kaleido.kaleido | Putting tab 3C93 back (queue size: 0).
2026-09-18 14:00:25,811 | INFO     | kaleido.kaleido | Waiting for all cleanups to finish.
2026-09-18 14:00:25,811 | INFO     | kaleido.kaleido | Exiting Kaleido.
2026-09-18 14:00:25,812 | INFO     | choreographer.utils._tmpfile | TemporaryDirectory.cleanup() worked.
2026-09-18 14:00:25,812 | INFO     | choreographer.utils._tmpfile | shutil.rmtree worked.
2026-09-18 14:00:25,812 | INFO     | choreographer.browser_async | Closing browser.
2026-09-18 14:00:25,856 | INFO     | choreographer.utils._tmpfile | TemporaryDirectory.cleanup() worked.
2026-09-18 14:00:25,856 | INFO     | choreographer.utils._tmpfile | shutil.rmtree worked.
2026-09-18 14:00:25,856 | INFO     | choreographer.browser_async | Closing browser.
2026-09-18 14:00:25,857 | INFO     | kaleido.kaleido | Cancelling tasks.
2026-09-18 14:00:25,857 | INFO     | kaleido.kaleido | Exiting Kaleido/Choreo.
2026-09-18 14:00:26,230 | INFO     | choreographer.utils._tmpfile | TemporaryDirectory.cleanup() worked.
2026-09-18 14:00:26,231 | INFO     | choreographer.utils._tmpfile | shutil.rmtree worked.
2026-09-18 14:00:26,231 | INFO     | kaleido.kaleido | Cancelling tasks.
2026-09-18 14:00:26,231 | INFO     | kaleido.kaleido | Exiting Kaleido/Choreo.
2026-09-18 14:00:26,232 | INFO     | modulos.graficos | Grafico generado: C:\Users\PC41\Desktop\Dev\Informe Diario\informe_precios\datos\evol_elec_1.png
2026-09-18 14:00:26,236 | INFO     | choreographer.utils._tmpfile | TemporaryDirectory.cleanup() worked.
2026-09-18 14:00:26,237 | INFO     | choreographer.utils._tmpfile | shutil.rmtree worked.
2026-09-18 14:00:26,256 | INFO     | choreographer.browsers.chromium | Chromium init'ed with kwargs {}
2026-09-18 14:00:26,256 | INFO     | choreographer.browsers.chromium | Found chromium path: C:\Program Files (x86)\Google\Chrome\Application\chrome.exe
2026-09-18 14:00:26,256 | INFO     | choreographer.utils._tmpfile | Temp directory created: C:\Users\PC41\AppData\Local\Temp\tmp7e06_ivg.
2026-09-18 14:00:26,257 | INFO     | choreographer.browser_async | Opening browser.
2026-09-18 14:00:26,258 | INFO     | choreographer.utils._tmpfile | Temp directory created: C:\Users\PC41\AppData\Local\Temp\tmp49gcjpid.
2026-09-18 14:00:26,258 | INFO     | choreographer.browsers.chromium | Temporary directory at: C:\Users\PC41\AppData\Local\Temp\tmp49gcjpid
2026-09-18 14:00:26,772 | INFO     | kaleido.kaleido | Conforming 1 to file:///C:/Users/PC41/AppData/Local/Temp/tmp7e06_ivg/index.html
2026-09-18 14:00:28,379 | INFO     | kaleido.kaleido | Getting tab from queue (has 1)
2026-09-18 14:00:28,379 | INFO     | kaleido.kaleido | Got 84E1
2026-09-18 14:00:28,506 | INFO     | kaleido.kaleido | Reloading tab 84E1 before return.
2026-09-18 14:00:28,635 | INFO     | kaleido.kaleido | Putting tab 84E1 back (queue size: 0).
2026-09-18 14:00:28,635 | INFO     | kaleido.kaleido | Waiting for all cleanups to finish.
2026-09-18 14:00:28,635 | INFO     | kaleido.kaleido | Exiting Kaleido.
2026-09-18 14:00:28,636 | INFO     | choreographer.utils._tmpfile | TemporaryDirectory.cleanup() worked.
2026-09-18 14:00:28,636 | INFO     | choreographer.utils._tmpfile | shutil.rmtree worked.
2026-09-18 14:00:28,636 | INFO     | choreographer.browser_async | Closing browser.
2026-09-18 14:00:28,687 | INFO     | choreographer.utils._tmpfile | TemporaryDirectory.cleanup() worked.
2026-09-18 14:00:28,688 | INFO     | choreographer.utils._tmpfile | shutil.rmtree worked.
2026-09-18 14:00:28,688 | INFO     | choreographer.browser_async | Closing browser.
2026-09-18 14:00:28,688 | INFO     | kaleido.kaleido | Cancelling tasks.
2026-09-18 14:00:28,688 | INFO     | kaleido.kaleido | Exiting Kaleido/Choreo.
2026-09-18 14:00:29,053 | INFO     | choreographer.utils._tmpfile | TemporaryDirectory.cleanup() worked.
2026-09-18 14:00:29,054 | INFO     | choreographer.utils._tmpfile | shutil.rmtree worked.
2026-09-18 14:00:29,054 | INFO     | kaleido.kaleido | Cancelling tasks.
2026-09-18 14:00:29,054 | INFO     | kaleido.kaleido | Exiting Kaleido/Choreo.
2026-09-18 14:00:29,055 | INFO     | modulos.graficos | Grafico generado: C:\Users\PC41\Desktop\Dev\Informe Diario\informe_precios\datos\evol_elec_2.png
2026-09-18 14:00:29,066 | INFO     | choreographer.utils._tmpfile | TemporaryDirectory.cleanup() worked.
2026-09-18 14:00:29,067 | INFO     | choreographer.utils._tmpfile | shutil.rmtree worked.
2026-09-18 14:00:29,076 | INFO     | choreographer.browsers.chromium | Chromium init'ed with kwargs {}
2026-09-18 14:00:29,076 | INFO     | choreographer.browsers.chromium | Found chromium path: C:\Program Files (x86)\Google\Chrome\Application\chrome.exe
2026-09-18 14:00:29,077 | INFO     | choreographer.utils._tmpfile | Temp directory created: C:\Users\PC41\AppData\Local\Temp\tmp05t4xdpa.
2026-09-18 14:00:29,077 | INFO     | choreographer.browser_async | Opening browser.
2026-09-18 14:00:29,079 | INFO     | choreographer.utils._tmpfile | Temp directory created: C:\Users\PC41\AppData\Local\Temp\tmpu_0wes1q.
2026-09-18 14:00:29,079 | INFO     | choreographer.browsers.chromium | Temporary directory at: C:\Users\PC41\AppData\Local\Temp\tmpu_0wes1q
2026-09-18 14:00:29,468 | INFO     | kaleido.kaleido | Conforming 1 to file:///C:/Users/PC41/AppData/Local/Temp/tmp05t4xdpa/index.html
2026-09-18 14:00:31,067 | INFO     | kaleido.kaleido | Getting tab from queue (has 1)
2026-09-18 14:00:31,068 | INFO     | kaleido.kaleido | Got C052
2026-09-18 14:00:31,228 | INFO     | kaleido.kaleido | Reloading tab C052 before return.
2026-09-18 14:00:31,356 | INFO     | kaleido.kaleido | Putting tab C052 back (queue size: 0).
2026-09-18 14:00:31,356 | INFO     | kaleido.kaleido | Waiting for all cleanups to finish.
2026-09-18 14:00:31,356 | INFO     | kaleido.kaleido | Exiting Kaleido.
2026-09-18 14:00:31,357 | INFO     | choreographer.utils._tmpfile | TemporaryDirectory.cleanup() worked.
2026-09-18 14:00:31,357 | INFO     | choreographer.utils._tmpfile | shutil.rmtree worked.
2026-09-18 14:00:31,357 | INFO     | choreographer.browser_async | Closing browser.
2026-09-18 14:00:31,397 | INFO     | choreographer.utils._tmpfile | TemporaryDirectory.cleanup() worked.
2026-09-18 14:00:31,397 | INFO     | choreographer.utils._tmpfile | shutil.rmtree worked.
2026-09-18 14:00:31,398 | INFO     | choreographer.browser_async | Closing browser.
2026-09-18 14:00:31,398 | INFO     | kaleido.kaleido | Cancelling tasks.
2026-09-18 14:00:31,398 | INFO     | kaleido.kaleido | Exiting Kaleido/Choreo.
2026-09-18 14:00:31,649 | INFO     | choreographer.utils._tmpfile | TemporaryDirectory.cleanup() worked.
2026-09-18 14:00:31,649 | INFO     | choreographer.utils._tmpfile | shutil.rmtree worked.
2026-09-18 14:00:31,649 | INFO     | kaleido.kaleido | Cancelling tasks.
2026-09-18 14:00:31,649 | INFO     | kaleido.kaleido | Exiting Kaleido/Choreo.
2026-09-18 14:00:31,651 | INFO     | modulos.graficos | Grafico generado: C:\Users\PC41\Desktop\Dev\Informe Diario\informe_precios\datos\evol_elec_3.png
2026-09-18 14:00:31,673 | INFO     | choreographer.browsers.chromium | Chromium init'ed with kwargs {}
2026-09-18 14:00:31,674 | INFO     | choreographer.browsers.chromium | Found chromium path: C:\Program Files (x86)\Google\Chrome\Application\chrome.exe
2026-09-18 14:00:31,674 | INFO     | choreographer.utils._tmpfile | Temp directory created: C:\Users\PC41\AppData\Local\Temp\tmp0xmhcobw.
2026-09-18 14:00:31,675 | INFO     | choreographer.browser_async | Opening browser.
2026-09-18 14:00:31,675 | INFO     | choreographer.utils._tmpfile | Temp directory created: C:\Users\PC41\AppData\Local\Temp\tmp5i3v7zlp.
2026-09-18 14:00:31,675 | INFO     | choreographer.browsers.chromium | Temporary directory at: C:\Users\PC41\AppData\Local\Temp\tmp5i3v7zlp
2026-09-18 14:00:33,863 | INFO     | kaleido.kaleido | Conforming 1 to file:///C:/Users/PC41/AppData/Local/Temp/tmp0xmhcobw/index.html
2026-09-18 14:00:35,310 | INFO     | kaleido.kaleido | Getting tab from queue (has 1)
2026-09-18 14:00:35,310 | INFO     | kaleido.kaleido | Got 1FF6
2026-09-18 14:00:35,468 | INFO     | kaleido.kaleido | Reloading tab 1FF6 before return.
2026-09-18 14:00:35,594 | INFO     | kaleido.kaleido | Putting tab 1FF6 back (queue size: 0).
2026-09-18 14:00:35,595 | INFO     | kaleido.kaleido | Waiting for all cleanups to finish.
2026-09-18 14:00:35,595 | INFO     | kaleido.kaleido | Exiting Kaleido.
2026-09-18 14:00:35,595 | INFO     | choreographer.utils._tmpfile | TemporaryDirectory.cleanup() worked.
2026-09-18 14:00:35,596 | INFO     | choreographer.utils._tmpfile | shutil.rmtree worked.
2026-09-18 14:00:35,596 | INFO     | choreographer.browser_async | Closing browser.
2026-09-18 14:00:35,643 | INFO     | choreographer.utils._tmpfile | TemporaryDirectory.cleanup() worked.
2026-09-18 14:00:35,643 | INFO     | choreographer.utils._tmpfile | shutil.rmtree worked.
2026-09-18 14:00:35,644 | INFO     | choreographer.browser_async | Closing browser.
2026-09-18 14:00:35,644 | INFO     | kaleido.kaleido | Cancelling tasks.
2026-09-18 14:00:35,644 | INFO     | kaleido.kaleido | Exiting Kaleido/Choreo.
2026-09-18 14:00:36,034 | INFO     | choreographer.utils._tmpfile | TemporaryDirectory.cleanup() worked.
2026-09-18 14:00:36,035 | INFO     | choreographer.utils._tmpfile | shutil.rmtree worked.
2026-09-18 14:00:36,035 | INFO     | kaleido.kaleido | Cancelling tasks.
2026-09-18 14:00:36,035 | INFO     | kaleido.kaleido | Exiting Kaleido/Choreo.
2026-09-18 14:00:36,036 | INFO     | modulos.graficos | Grafico generado: C:\Users\PC41\Desktop\Dev\Informe Diario\informe_precios\datos\evol_gas_0.png
2026-09-18 14:00:36,060 | INFO     | choreographer.browsers.chromium | Chromium init'ed with kwargs {}
2026-09-18 14:00:36,060 | INFO     | choreographer.browsers.chromium | Found chromium path: C:\Program Files (x86)\Google\Chrome\Application\chrome.exe
2026-09-18 14:00:36,061 | INFO     | choreographer.utils._tmpfile | Temp directory created: C:\Users\PC41\AppData\Local\Temp\tmpgfghx1ll.
2026-09-18 14:00:36,061 | INFO     | choreographer.browser_async | Opening browser.
2026-09-18 14:00:36,062 | INFO     | choreographer.utils._tmpfile | Temp directory created: C:\Users\PC41\AppData\Local\Temp\tmpqhu4jqdl.
2026-09-18 14:00:36,062 | INFO     | choreographer.browsers.chromium | Temporary directory at: C:\Users\PC41\AppData\Local\Temp\tmpqhu4jqdl
2026-09-18 14:00:36,950 | INFO     | kaleido.kaleido | Conforming 1 to file:///C:/Users/PC41/AppData/Local/Temp/tmpgfghx1ll/index.html
2026-09-18 14:00:38,528 | INFO     | kaleido.kaleido | Getting tab from queue (has 1)
2026-09-18 14:00:38,528 | INFO     | kaleido.kaleido | Got AB28
2026-09-18 14:00:38,657 | INFO     | kaleido.kaleido | Reloading tab AB28 before return.
2026-09-18 14:00:38,795 | INFO     | kaleido.kaleido | Putting tab AB28 back (queue size: 0).
2026-09-18 14:00:38,795 | INFO     | kaleido.kaleido | Waiting for all cleanups to finish.
2026-09-18 14:00:38,795 | INFO     | kaleido.kaleido | Exiting Kaleido.
2026-09-18 14:00:38,796 | INFO     | choreographer.utils._tmpfile | TemporaryDirectory.cleanup() worked.
2026-09-18 14:00:38,796 | INFO     | choreographer.utils._tmpfile | shutil.rmtree worked.
2026-09-18 14:00:38,796 | INFO     | choreographer.browser_async | Closing browser.
2026-09-18 14:00:38,841 | INFO     | choreographer.utils._tmpfile | TemporaryDirectory.cleanup() worked.
2026-09-18 14:00:38,841 | INFO     | choreographer.utils._tmpfile | shutil.rmtree worked.
2026-09-18 14:00:38,841 | INFO     | choreographer.browser_async | Closing browser.
2026-09-18 14:00:38,841 | INFO     | kaleido.kaleido | Cancelling tasks.
2026-09-18 14:00:38,841 | INFO     | kaleido.kaleido | Exiting Kaleido/Choreo.
2026-09-18 14:00:39,225 | INFO     | choreographer.utils._tmpfile | TemporaryDirectory.cleanup() worked.
2026-09-18 14:00:39,225 | INFO     | choreographer.utils._tmpfile | shutil.rmtree worked.
2026-09-18 14:00:39,226 | INFO     | kaleido.kaleido | Cancelling tasks.
2026-09-18 14:00:39,226 | INFO     | kaleido.kaleido | Exiting Kaleido/Choreo.
2026-09-18 14:00:39,227 | INFO     | modulos.graficos | Grafico generado: C:\Users\PC41\Desktop\Dev\Informe Diario\informe_precios\datos\evol_gas_1.png
2026-09-18 14:00:39,248 | INFO     | choreographer.browsers.chromium | Chromium init'ed with kwargs {}
2026-09-18 14:00:39,249 | INFO     | choreographer.browsers.chromium | Found chromium path: C:\Program Files (x86)\Google\Chrome\Application\chrome.exe
2026-09-18 14:00:39,249 | INFO     | choreographer.utils._tmpfile | Temp directory created: C:\Users\PC41\AppData\Local\Temp\tmpzizwd0vk.
2026-09-18 14:00:39,249 | INFO     | choreographer.browser_async | Opening browser.
2026-09-18 14:00:39,250 | INFO     | choreographer.utils._tmpfile | Temp directory created: C:\Users\PC41\AppData\Local\Temp\tmp14bly0fv.
2026-09-18 14:00:39,250 | INFO     | choreographer.browsers.chromium | Temporary directory at: C:\Users\PC41\AppData\Local\Temp\tmp14bly0fv
2026-09-18 14:00:39,897 | INFO     | kaleido.kaleido | Conforming 1 to file:///C:/Users/PC41/AppData/Local/Temp/tmpzizwd0vk/index.html
2026-09-18 14:00:40,013 | INFO     | choreographer.utils._tmpfile | TemporaryDirectory.cleanup() worked.
2026-09-18 14:00:40,013 | INFO     | choreographer.utils._tmpfile | shutil.rmtree worked.
2026-09-18 14:00:40,014 | INFO     | choreographer.utils._tmpfile | TemporaryDirectory.cleanup() worked.
2026-09-18 14:00:40,014 | INFO     | choreographer.utils._tmpfile | shutil.rmtree worked.
2026-09-18 14:00:40,014 | INFO     | choreographer.utils._tmpfile | TemporaryDirectory.cleanup() worked.
2026-09-18 14:00:40,015 | INFO     | choreographer.utils._tmpfile | shutil.rmtree worked.
2026-09-18 14:00:41,533 | INFO     | kaleido.kaleido | Getting tab from queue (has 1)
2026-09-18 14:00:41,533 | INFO     | kaleido.kaleido | Got 736A
2026-09-18 14:00:41,650 | INFO     | kaleido.kaleido | Reloading tab 736A before return.
2026-09-18 14:00:41,806 | INFO     | kaleido.kaleido | Putting tab 736A back (queue size: 0).
2026-09-18 14:00:41,806 | INFO     | kaleido.kaleido | Waiting for all cleanups to finish.
2026-09-18 14:00:41,806 | INFO     | kaleido.kaleido | Exiting Kaleido.
2026-09-18 14:00:41,806 | INFO     | choreographer.utils._tmpfile | TemporaryDirectory.cleanup() worked.
2026-09-18 14:00:41,807 | INFO     | choreographer.utils._tmpfile | shutil.rmtree worked.
2026-09-18 14:00:41,807 | INFO     | choreographer.browser_async | Closing browser.
2026-09-18 14:00:41,890 | INFO     | choreographer.utils._tmpfile | TemporaryDirectory.cleanup() worked.
2026-09-18 14:00:41,891 | INFO     | choreographer.utils._tmpfile | shutil.rmtree worked.
2026-09-18 14:00:41,891 | INFO     | choreographer.browser_async | Closing browser.
2026-09-18 14:00:41,891 | INFO     | kaleido.kaleido | Cancelling tasks.
2026-09-18 14:00:41,891 | INFO     | kaleido.kaleido | Exiting Kaleido/Choreo.
2026-09-18 14:00:42,281 | INFO     | choreographer.utils._tmpfile | TemporaryDirectory.cleanup() worked.
2026-09-18 14:00:42,282 | INFO     | choreographer.utils._tmpfile | shutil.rmtree worked.
2026-09-18 14:00:42,282 | INFO     | kaleido.kaleido | Cancelling tasks.
2026-09-18 14:00:42,282 | INFO     | kaleido.kaleido | Exiting Kaleido/Choreo.
2026-09-18 14:00:42,285 | INFO     | modulos.graficos | Grafico generado: C:\Users\PC41\Desktop\Dev\Informe Diario\informe_precios\datos\evol_gas_2.png
2026-09-18 14:00:42,317 | INFO     | choreographer.browsers.chromium | Chromium init'ed with kwargs {}
2026-09-18 14:00:42,318 | INFO     | choreographer.browsers.chromium | Found chromium path: C:\Program Files (x86)\Google\Chrome\Application\chrome.exe
2026-09-18 14:00:42,318 | INFO     | choreographer.utils._tmpfile | Temp directory created: C:\Users\PC41\AppData\Local\Temp\tmp428z7v70.
2026-09-18 14:00:42,318 | INFO     | choreographer.browser_async | Opening browser.
2026-09-18 14:00:42,319 | INFO     | choreographer.utils._tmpfile | Temp directory created: C:\Users\PC41\AppData\Local\Temp\tmpknds1vu1.
2026-09-18 14:00:42,319 | INFO     | choreographer.browsers.chromium | Temporary directory at: C:\Users\PC41\AppData\Local\Temp\tmpknds1vu1
2026-09-18 14:00:43,982 | INFO     | kaleido.kaleido | Conforming 1 to file:///C:/Users/PC41/AppData/Local/Temp/tmp428z7v70/index.html
2026-09-18 14:00:45,839 | INFO     | kaleido.kaleido | Getting tab from queue (has 1)
2026-09-18 14:00:45,839 | INFO     | kaleido.kaleido | Got 816B
2026-09-18 14:00:46,014 | INFO     | kaleido.kaleido | Reloading tab 816B before return.
2026-09-18 14:00:46,138 | INFO     | kaleido.kaleido | Putting tab 816B back (queue size: 0).
2026-09-18 14:00:46,138 | INFO     | kaleido.kaleido | Waiting for all cleanups to finish.
2026-09-18 14:00:46,138 | INFO     | kaleido.kaleido | Exiting Kaleido.
2026-09-18 14:00:46,139 | INFO     | choreographer.utils._tmpfile | TemporaryDirectory.cleanup() worked.
2026-09-18 14:00:46,139 | INFO     | choreographer.utils._tmpfile | shutil.rmtree worked.
2026-09-18 14:00:46,139 | INFO     | choreographer.browser_async | Closing browser.
2026-09-18 14:00:46,199 | INFO     | choreographer.utils._tmpfile | TemporaryDirectory.cleanup() worked.
2026-09-18 14:00:46,199 | INFO     | choreographer.utils._tmpfile | shutil.rmtree worked.
2026-09-18 14:00:46,200 | INFO     | choreographer.browser_async | Closing browser.
2026-09-18 14:00:46,200 | INFO     | kaleido.kaleido | Cancelling tasks.
2026-09-18 14:00:46,200 | INFO     | kaleido.kaleido | Exiting Kaleido/Choreo.
2026-09-18 14:00:46,603 | INFO     | choreographer.utils._tmpfile | TemporaryDirectory.cleanup() worked.
2026-09-18 14:00:46,603 | INFO     | choreographer.utils._tmpfile | shutil.rmtree worked.
2026-09-18 14:00:46,603 | INFO     | kaleido.kaleido | Cancelling tasks.
2026-09-18 14:00:46,603 | INFO     | kaleido.kaleido | Exiting Kaleido/Choreo.
2026-09-18 14:00:46,604 | INFO     | modulos.graficos | Grafico generado: C:\Users\PC41\Desktop\Dev\Informe Diario\informe_precios\datos\evol_gas_3.png
2026-09-18 14:00:46,615 | INFO     | choreographer.utils._tmpfile | TemporaryDirectory.cleanup() worked.
2026-09-18 14:00:46,615 | INFO     | choreographer.utils._tmpfile | shutil.rmtree worked.
2026-09-18 14:00:46,633 | INFO     | choreographer.browsers.chromium | Chromium init'ed with kwargs {}
2026-09-18 14:00:46,633 | INFO     | choreographer.browsers.chromium | Found chromium path: C:\Program Files (x86)\Google\Chrome\Application\chrome.exe
2026-09-18 14:00:46,634 | INFO     | choreographer.utils._tmpfile | Temp directory created: C:\Users\PC41\AppData\Local\Temp\tmpca5o04vy.
2026-09-18 14:00:46,634 | INFO     | choreographer.browser_async | Opening browser.
2026-09-18 14:00:46,635 | INFO     | choreographer.utils._tmpfile | Temp directory created: C:\Users\PC41\AppData\Local\Temp\tmpcyn1fuyw.
2026-09-18 14:00:46,635 | INFO     | choreographer.browsers.chromium | Temporary directory at: C:\Users\PC41\AppData\Local\Temp\tmpcyn1fuyw
2026-09-18 14:00:47,441 | INFO     | kaleido.kaleido | Conforming 1 to file:///C:/Users/PC41/AppData/Local/Temp/tmpca5o04vy/index.html
2026-09-18 14:00:48,905 | INFO     | kaleido.kaleido | Getting tab from queue (has 1)
2026-09-18 14:00:48,905 | INFO     | kaleido.kaleido | Got A9EF
2026-09-18 14:00:49,071 | INFO     | kaleido.kaleido | Reloading tab A9EF before return.
2026-09-18 14:00:49,236 | INFO     | kaleido.kaleido | Putting tab A9EF back (queue size: 0).
2026-09-18 14:00:49,236 | INFO     | kaleido.kaleido | Waiting for all cleanups to finish.
2026-09-18 14:00:49,236 | INFO     | kaleido.kaleido | Exiting Kaleido.
2026-09-18 14:00:49,237 | INFO     | choreographer.utils._tmpfile | TemporaryDirectory.cleanup() worked.
2026-09-18 14:00:49,237 | INFO     | choreographer.utils._tmpfile | shutil.rmtree worked.
2026-09-18 14:00:49,238 | INFO     | choreographer.browser_async | Closing browser.
2026-09-18 14:00:49,286 | INFO     | choreographer.utils._tmpfile | TemporaryDirectory.cleanup() worked.
2026-09-18 14:00:49,287 | INFO     | choreographer.utils._tmpfile | shutil.rmtree worked.
2026-09-18 14:00:49,287 | INFO     | choreographer.browser_async | Closing browser.
2026-09-18 14:00:49,287 | INFO     | kaleido.kaleido | Cancelling tasks.
2026-09-18 14:00:49,287 | INFO     | kaleido.kaleido | Exiting Kaleido/Choreo.
2026-09-18 14:00:49,647 | INFO     | choreographer.utils._tmpfile | TemporaryDirectory.cleanup() worked.
2026-09-18 14:00:49,648 | INFO     | choreographer.utils._tmpfile | shutil.rmtree worked.
2026-09-18 14:00:49,648 | INFO     | kaleido.kaleido | Cancelling tasks.
2026-09-18 14:00:49,648 | INFO     | kaleido.kaleido | Exiting Kaleido/Choreo.
2026-09-18 14:00:49,649 | INFO     | modulos.graficos | Grafico generado: C:\Users\PC41\Desktop\Dev\Informe Diario\informe_precios\datos\evol_mibgas.png
2026-09-18 14:00:49,683 | INFO     | choreographer.utils._tmpfile | TemporaryDirectory.cleanup() worked.
2026-09-18 14:00:49,683 | INFO     | choreographer.utils._tmpfile | shutil.rmtree worked.
2026-09-18 14:00:50,685 | INFO     | modulos.generar_pdf | PDF generado: C:\Users\PC41\Desktop\Dev\Informe Diario\salida\Informe Precio Diario 18.09.2026.pdf
2026-09-18 14:00:50,685 | INFO     | informe | === Informe completado: C:\Users\PC41\Desktop\Dev\Informe Diario\salida\Informe Precio Diario 18.09.2026.pdf ===
2026-09-18 14:00:50,685 | WARNING  | informe | Datos incompletos, NO se envía el informe. Faltan: Precio medio OMIE (mañana)
2026-09-18 14:00:50,828 | INFO     | modulos.enviar_correo | Alerta enviada a tbrellenthin@medhesa.es (1 faltantes)
2026-09-18 14:00:50,846 | WARNING  | informe | Informe generado con 1 datos faltantes; envío: bloqueado.
2026-09-18 14:00:50,893 | INFO     | choreographer.utils._tmpfile | TemporaryDirectory.cleanup() worked.
2026-09-18 14:00:50,893 | INFO     | choreographer.utils._tmpfile | shutil.rmtree worked.
2026-09-21 14:05:04,670 | INFO     | informe | Log de ejecución: C:\Users\PC41\Desktop\Dev\Informe Diario\salida\generar_informe.log
2026-09-21 14:05:04,673 | INFO     | modulos.cargar_historicos | Ya existe historico_omip_electricidad.csv, se omite importacion de electricidad
2026-09-21 14:05:04,674 | INFO     | modulos.cargar_historicos | Ya existe historico_omip_gas.csv, se omite importacion de gas
2026-09-21 14:05:04,675 | INFO     | modulos.cargar_historicos | Ya existe historico_mibgas.csv, se omite importación de MIBGAS historico
2026-09-21 14:05:04,675 | INFO     | informe | === Fecha de informe: 2026-09-21 00:00:00 (entrega mañana: 2026-09-22 00:00:00) ===
2026-09-21 14:05:04,682 | INFO     | modulos.descargar_omie | Descargando OMIE 2026-09-22 (https://www.omie.es/en/file-download?parents=marginalpdbc&filename=marginalpdbc_20260922.1)
2026-09-21 14:05:05,021 | WARNING  | modulos.descargar_omie | OMIE 2026-09-22 no disponible (intento 1/7): OMIE no disponible para 2026-09-22 (HTTP 404). Reintentando en 600s
2026-09-21 14:15:05,024 | INFO     | modulos.descargar_omie | Descargando OMIE 2026-09-22 (https://www.omie.es/en/file-download?parents=marginalpdbc&filename=marginalpdbc_20260922.1)
2026-09-21 14:15:05,377 | INFO     | modulos.descargar_omie | OMIE acumulado: 192 filas (dia 2026-09-22)
2026-09-21 14:15:05,380 | INFO     | modulos.descargar_omip | Descargando OMIP EL FTB (2026-09-22)
2026-09-21 14:15:06,325 | INFO     | modulos.descargar_omip | OMIP EL FTB: Base Octubre - 2026 = 139.0
2026-09-21 14:15:06,326 | INFO     | modulos.descargar_omip | OMIP EL FTB: Base Noviembre - 2026 = 154.34
2026-09-21 14:15:06,326 | INFO     | modulos.descargar_omip | OMIP EL FTB: Base Diciembre - 2026 = 147.31
2026-09-21 14:15:06,326 | INFO     | modulos.descargar_omip | OMIP EL FTB: Base 4º Trim. - 2026 = 146.8
2026-09-21 14:15:06,326 | INFO     | modulos.descargar_omip | OMIP EL FTB: Base 1º Trim. - 2027 = 126.7
2026-09-21 14:15:06,326 | INFO     | modulos.descargar_omip | OMIP EL FTB: Base 2º Trim. - 2027 = 56.85
2026-09-21 14:15:06,326 | INFO     | modulos.descargar_omip | OMIP EL FTB: Base Año - 2027 = 89.5
2026-09-21 14:15:06,326 | INFO     | modulos.descargar_omip | OMIP EL FTB: Base Año - 2028 = 61.2
2026-09-21 14:15:06,326 | INFO     | modulos.descargar_omip | OMIP EL FTB: Base Año - 2029 = 58.0
2026-09-21 14:15:06,332 | INFO     | modulos.descargar_omip | Descargando OMIP NG FGF (2026-09-22)
2026-09-21 14:15:07,585 | INFO     | modulos.descargar_omip | OMIP NG FGF: Base Octubre - 2026 = 79.4
2026-09-21 14:15:07,585 | INFO     | modulos.descargar_omip | OMIP NG FGF: Base Noviembre - 2026 = 77.7
2026-09-21 14:15:07,585 | INFO     | modulos.descargar_omip | OMIP NG FGF: Base Diciembre - 2026 = 76.38
2026-09-21 14:15:07,585 | INFO     | modulos.descargar_omip | OMIP NG FGF: Base 4º Trim. - 2026 = 77.83
2026-09-21 14:15:07,585 | INFO     | modulos.descargar_omip | OMIP NG FGF: Base 1º Trim. - 2027 = 75.91
2026-09-21 14:15:07,585 | INFO     | modulos.descargar_omip | OMIP NG FGF: Base 2º Trim. - 2027 = 55.52
2026-09-21 14:15:07,586 | INFO     | modulos.descargar_omip | OMIP NG FGF: Base Año - 2027 = 58.38
2026-09-21 14:15:07,586 | INFO     | modulos.descargar_omip | OMIP NG FGF: Base Año - 2028 = 36.64
2026-09-21 14:15:07,589 | INFO     | modulos.descargar_mibgas | Descargando MIBGAS anual 2026 (https://www.mibgas.es/en/file-access/MIBGAS_Data_2026.xlsx?path=AGNO_2026/XLS)
2026-09-21 14:15:19,076 | INFO     | modulos.descargar_mibgas | MIBGAS actualizado: 2493 filas (2026)
2026-09-21 14:15:19,077 | INFO     | informe | Precio medio OMIE mañana (2026-09-22 00:00:00): 156.02
2026-09-21 14:15:19,079 | INFO     | informe | Precio MIBGAS hoy (2026-09-21): 83.8
2026-09-21 14:15:19,883 | INFO     | choreographer.browsers.chromium | Chromium init'ed with kwargs {}
2026-09-21 14:15:19,941 | INFO     | choreographer.browsers.chromium | Found chromium path: C:\Program Files (x86)\Google\Chrome\Application\chrome.exe
2026-09-21 14:15:19,942 | INFO     | choreographer.utils._tmpfile | Temp directory created: C:\Users\PC41\AppData\Local\Temp\tmpm68rx5h2.
2026-09-21 14:15:19,942 | INFO     | choreographer.browser_async | Opening browser.
2026-09-21 14:15:19,943 | INFO     | choreographer.utils._tmpfile | Temp directory created: C:\Users\PC41\AppData\Local\Temp\tmpin2ucccw.
2026-09-21 14:15:19,943 | INFO     | choreographer.browsers.chromium | Temporary directory at: C:\Users\PC41\AppData\Local\Temp\tmpin2ucccw
2026-09-21 14:15:21,585 | INFO     | kaleido.kaleido | Conforming 1 to file:///C:/Users/PC41/AppData/Local/Temp/tmpm68rx5h2/index.html
2026-09-21 14:15:23,411 | INFO     | kaleido.kaleido | Getting tab from queue (has 1)
2026-09-21 14:15:23,411 | INFO     | kaleido.kaleido | Got 977B
2026-09-21 14:15:23,598 | INFO     | kaleido.kaleido | Reloading tab 977B before return.
2026-09-21 14:15:23,724 | INFO     | kaleido.kaleido | Putting tab 977B back (queue size: 0).
2026-09-21 14:15:23,724 | INFO     | kaleido.kaleido | Waiting for all cleanups to finish.
2026-09-21 14:15:23,724 | INFO     | kaleido.kaleido | Exiting Kaleido.
2026-09-21 14:15:23,725 | INFO     | choreographer.utils._tmpfile | TemporaryDirectory.cleanup() worked.
2026-09-21 14:15:23,726 | INFO     | choreographer.utils._tmpfile | shutil.rmtree worked.
2026-09-21 14:15:23,726 | INFO     | choreographer.browser_async | Closing browser.
2026-09-21 14:15:23,789 | INFO     | choreographer.utils._tmpfile | TemporaryDirectory.cleanup() worked.
2026-09-21 14:15:23,790 | INFO     | choreographer.utils._tmpfile | shutil.rmtree worked.
2026-09-21 14:15:23,790 | INFO     | choreographer.browser_async | Closing browser.
2026-09-21 14:15:23,790 | INFO     | kaleido.kaleido | Cancelling tasks.
2026-09-21 14:15:23,790 | INFO     | kaleido.kaleido | Exiting Kaleido/Choreo.
2026-09-21 14:15:24,054 | INFO     | choreographer.utils._tmpfile | TemporaryDirectory.cleanup() worked.
2026-09-21 14:15:24,055 | INFO     | choreographer.utils._tmpfile | shutil.rmtree worked.
2026-09-21 14:15:24,055 | INFO     | kaleido.kaleido | Cancelling tasks.
2026-09-21 14:15:24,055 | INFO     | kaleido.kaleido | Exiting Kaleido/Choreo.
2026-09-21 14:15:24,056 | INFO     | modulos.graficos | Grafico generado: C:\Users\PC41\Desktop\Dev\Informe Diario\informe_precios\datos\grafico_horario_omie.png
2026-09-21 14:15:24,077 | INFO     | choreographer.utils._tmpfile | TemporaryDirectory.cleanup() worked.
2026-09-21 14:15:24,078 | INFO     | choreographer.utils._tmpfile | shutil.rmtree worked.
2026-09-21 14:15:24,124 | INFO     | choreographer.browsers.chromium | Chromium init'ed with kwargs {}
2026-09-21 14:15:24,124 | INFO     | choreographer.browsers.chromium | Found chromium path: C:\Program Files (x86)\Google\Chrome\Application\chrome.exe
2026-09-21 14:15:24,125 | INFO     | choreographer.utils._tmpfile | Temp directory created: C:\Users\PC41\AppData\Local\Temp\tmpajw7nu8q.
2026-09-21 14:15:24,125 | INFO     | choreographer.browser_async | Opening browser.
2026-09-21 14:15:24,126 | INFO     | choreographer.utils._tmpfile | Temp directory created: C:\Users\PC41\AppData\Local\Temp\tmpsg2rr8ow.
2026-09-21 14:15:24,126 | INFO     | choreographer.browsers.chromium | Temporary directory at: C:\Users\PC41\AppData\Local\Temp\tmpsg2rr8ow
2026-09-21 14:15:24,462 | INFO     | kaleido.kaleido | Conforming 1 to file:///C:/Users/PC41/AppData/Local/Temp/tmpajw7nu8q/index.html
2026-09-21 14:15:26,032 | INFO     | kaleido.kaleido | Getting tab from queue (has 1)
2026-09-21 14:15:26,032 | INFO     | kaleido.kaleido | Got 5B61
2026-09-21 14:15:26,168 | INFO     | kaleido.kaleido | Reloading tab 5B61 before return.
2026-09-21 14:15:26,292 | INFO     | kaleido.kaleido | Putting tab 5B61 back (queue size: 0).
2026-09-21 14:15:26,293 | INFO     | kaleido.kaleido | Waiting for all cleanups to finish.
2026-09-21 14:15:26,293 | INFO     | kaleido.kaleido | Exiting Kaleido.
2026-09-21 14:15:26,293 | INFO     | choreographer.utils._tmpfile | TemporaryDirectory.cleanup() worked.
2026-09-21 14:15:26,293 | INFO     | choreographer.utils._tmpfile | shutil.rmtree worked.
2026-09-21 14:15:26,294 | INFO     | choreographer.browser_async | Closing browser.
2026-09-21 14:15:26,332 | INFO     | choreographer.utils._tmpfile | TemporaryDirectory.cleanup() worked.
2026-09-21 14:15:26,333 | INFO     | choreographer.utils._tmpfile | shutil.rmtree worked.
2026-09-21 14:15:26,333 | INFO     | choreographer.browser_async | Closing browser.
2026-09-21 14:15:26,333 | INFO     | kaleido.kaleido | Cancelling tasks.
2026-09-21 14:15:26,333 | INFO     | kaleido.kaleido | Exiting Kaleido/Choreo.
2026-09-21 14:15:26,560 | INFO     | choreographer.utils._tmpfile | TemporaryDirectory.cleanup() worked.
2026-09-21 14:15:26,560 | INFO     | choreographer.utils._tmpfile | shutil.rmtree worked.
2026-09-21 14:15:26,560 | INFO     | kaleido.kaleido | Cancelling tasks.
2026-09-21 14:15:26,561 | INFO     | kaleido.kaleido | Exiting Kaleido/Choreo.
2026-09-21 14:15:26,562 | INFO     | modulos.graficos | Grafico generado: C:\Users\PC41\Desktop\Dev\Informe Diario\informe_precios\datos\evol_elec_0.png
2026-09-21 14:15:26,582 | INFO     | choreographer.browsers.chromium | Chromium init'ed with kwargs {}
2026-09-21 14:15:26,583 | INFO     | choreographer.browsers.chromium | Found chromium path: C:\Program Files (x86)\Google\Chrome\Application\chrome.exe
2026-09-21 14:15:26,583 | INFO     | choreographer.utils._tmpfile | Temp directory created: C:\Users\PC41\AppData\Local\Temp\tmp6l6esif5.
2026-09-21 14:15:26,583 | INFO     | choreographer.browser_async | Opening browser.
2026-09-21 14:15:26,584 | INFO     | choreographer.utils._tmpfile | Temp directory created: C:\Users\PC41\AppData\Local\Temp\tmp6yf_xrjq.
2026-09-21 14:15:26,584 | INFO     | choreographer.browsers.chromium | Temporary directory at: C:\Users\PC41\AppData\Local\Temp\tmp6yf_xrjq
2026-09-21 14:15:26,921 | INFO     | kaleido.kaleido | Conforming 1 to file:///C:/Users/PC41/AppData/Local/Temp/tmp6l6esif5/index.html
2026-09-21 14:15:28,547 | INFO     | kaleido.kaleido | Getting tab from queue (has 1)
2026-09-21 14:15:28,548 | INFO     | kaleido.kaleido | Got 2D94
2026-09-21 14:15:28,665 | INFO     | kaleido.kaleido | Reloading tab 2D94 before return.
2026-09-21 14:15:28,786 | INFO     | kaleido.kaleido | Putting tab 2D94 back (queue size: 0).
2026-09-21 14:15:28,786 | INFO     | kaleido.kaleido | Waiting for all cleanups to finish.
2026-09-21 14:15:28,786 | INFO     | kaleido.kaleido | Exiting Kaleido.
2026-09-21 14:15:28,787 | INFO     | choreographer.utils._tmpfile | TemporaryDirectory.cleanup() worked.
2026-09-21 14:15:28,787 | INFO     | choreographer.utils._tmpfile | shutil.rmtree worked.
2026-09-21 14:15:28,787 | INFO     | choreographer.browser_async | Closing browser.
2026-09-21 14:15:28,827 | INFO     | choreographer.utils._tmpfile | TemporaryDirectory.cleanup() worked.
2026-09-21 14:15:28,828 | INFO     | choreographer.utils._tmpfile | shutil.rmtree worked.
2026-09-21 14:15:28,828 | INFO     | choreographer.browser_async | Closing browser.
2026-09-21 14:15:28,828 | INFO     | kaleido.kaleido | Cancelling tasks.
2026-09-21 14:15:28,828 | INFO     | kaleido.kaleido | Exiting Kaleido/Choreo.
2026-09-21 14:15:29,091 | INFO     | choreographer.utils._tmpfile | TemporaryDirectory.cleanup() worked.
2026-09-21 14:15:29,091 | INFO     | choreographer.utils._tmpfile | shutil.rmtree worked.
2026-09-21 14:15:29,091 | INFO     | kaleido.kaleido | Cancelling tasks.
2026-09-21 14:15:29,092 | INFO     | kaleido.kaleido | Exiting Kaleido/Choreo.
2026-09-21 14:15:29,093 | INFO     | modulos.graficos | Grafico generado: C:\Users\PC41\Desktop\Dev\Informe Diario\informe_precios\datos\evol_elec_1.png
2026-09-21 14:15:29,114 | INFO     | choreographer.browsers.chromium | Chromium init'ed with kwargs {}
2026-09-21 14:15:29,114 | INFO     | choreographer.browsers.chromium | Found chromium path: C:\Program Files (x86)\Google\Chrome\Application\chrome.exe
2026-09-21 14:15:29,115 | INFO     | choreographer.utils._tmpfile | Temp directory created: C:\Users\PC41\AppData\Local\Temp\tmp3is07z58.
2026-09-21 14:15:29,115 | INFO     | choreographer.browser_async | Opening browser.
2026-09-21 14:15:29,116 | INFO     | choreographer.utils._tmpfile | Temp directory created: C:\Users\PC41\AppData\Local\Temp\tmpl0fhjc90.
2026-09-21 14:15:29,116 | INFO     | choreographer.browsers.chromium | Temporary directory at: C:\Users\PC41\AppData\Local\Temp\tmpl0fhjc90
2026-09-21 14:15:29,454 | INFO     | kaleido.kaleido | Conforming 1 to file:///C:/Users/PC41/AppData/Local/Temp/tmp3is07z58/index.html
2026-09-21 14:15:31,125 | INFO     | kaleido.kaleido | Getting tab from queue (has 1)
2026-09-21 14:15:31,125 | INFO     | kaleido.kaleido | Got 7D6C
2026-09-21 14:15:31,235 | INFO     | kaleido.kaleido | Reloading tab 7D6C before return.
2026-09-21 14:15:31,357 | INFO     | kaleido.kaleido | Putting tab 7D6C back (queue size: 0).
2026-09-21 14:15:31,357 | INFO     | kaleido.kaleido | Waiting for all cleanups to finish.
2026-09-21 14:15:31,357 | INFO     | kaleido.kaleido | Exiting Kaleido.
2026-09-21 14:15:31,358 | INFO     | choreographer.utils._tmpfile | TemporaryDirectory.cleanup() worked.
2026-09-21 14:15:31,358 | INFO     | choreographer.utils._tmpfile | shutil.rmtree worked.
2026-09-21 14:15:31,358 | INFO     | choreographer.browser_async | Closing browser.
2026-09-21 14:15:31,411 | INFO     | choreographer.utils._tmpfile | TemporaryDirectory.cleanup() worked.
2026-09-21 14:15:31,411 | INFO     | choreographer.utils._tmpfile | shutil.rmtree worked.
2026-09-21 14:15:31,411 | INFO     | choreographer.browser_async | Closing browser.
2026-09-21 14:15:31,412 | INFO     | kaleido.kaleido | Cancelling tasks.
2026-09-21 14:15:31,412 | INFO     | kaleido.kaleido | Exiting Kaleido/Choreo.
2026-09-21 14:15:31,670 | INFO     | choreographer.utils._tmpfile | TemporaryDirectory.cleanup() worked.
2026-09-21 14:15:31,670 | INFO     | choreographer.utils._tmpfile | shutil.rmtree worked.
2026-09-21 14:15:31,670 | INFO     | kaleido.kaleido | Cancelling tasks.
2026-09-21 14:15:31,670 | INFO     | kaleido.kaleido | Exiting Kaleido/Choreo.
2026-09-21 14:15:31,671 | INFO     | modulos.graficos | Grafico generado: C:\Users\PC41\Desktop\Dev\Informe Diario\informe_precios\datos\evol_elec_2.png
2026-09-21 14:15:31,691 | INFO     | choreographer.browsers.chromium | Chromium init'ed with kwargs {}
2026-09-21 14:15:31,692 | INFO     | choreographer.browsers.chromium | Found chromium path: C:\Program Files (x86)\Google\Chrome\Application\chrome.exe
2026-09-21 14:15:31,692 | INFO     | choreographer.utils._tmpfile | Temp directory created: C:\Users\PC41\AppData\Local\Temp\tmpapeqsnra.
2026-09-21 14:15:31,693 | INFO     | choreographer.browser_async | Opening browser.
2026-09-21 14:15:31,694 | INFO     | choreographer.utils._tmpfile | Temp directory created: C:\Users\PC41\AppData\Local\Temp\tmpms70smoc.
2026-09-21 14:15:31,694 | INFO     | choreographer.browsers.chromium | Temporary directory at: C:\Users\PC41\AppData\Local\Temp\tmpms70smoc
2026-09-21 14:15:32,037 | INFO     | kaleido.kaleido | Conforming 1 to file:///C:/Users/PC41/AppData/Local/Temp/tmpapeqsnra/index.html
2026-09-21 14:15:33,559 | INFO     | kaleido.kaleido | Getting tab from queue (has 1)
2026-09-21 14:15:33,559 | INFO     | kaleido.kaleido | Got 8918
2026-09-21 14:15:33,683 | INFO     | kaleido.kaleido | Reloading tab 8918 before return.
2026-09-21 14:15:33,808 | INFO     | kaleido.kaleido | Putting tab 8918 back (queue size: 0).
2026-09-21 14:15:33,808 | INFO     | kaleido.kaleido | Waiting for all cleanups to finish.
2026-09-21 14:15:33,808 | INFO     | kaleido.kaleido | Exiting Kaleido.
2026-09-21 14:15:33,809 | INFO     | choreographer.utils._tmpfile | TemporaryDirectory.cleanup() worked.
2026-09-21 14:15:33,809 | INFO     | choreographer.utils._tmpfile | shutil.rmtree worked.
2026-09-21 14:15:33,809 | INFO     | choreographer.browser_async | Closing browser.
2026-09-21 14:15:33,852 | INFO     | choreographer.utils._tmpfile | TemporaryDirectory.cleanup() worked.
2026-09-21 14:15:33,852 | INFO     | choreographer.utils._tmpfile | shutil.rmtree worked.
2026-09-21 14:15:33,852 | INFO     | choreographer.browser_async | Closing browser.
2026-09-21 14:15:33,852 | INFO     | kaleido.kaleido | Cancelling tasks.
2026-09-21 14:15:33,852 | INFO     | kaleido.kaleido | Exiting Kaleido/Choreo.
2026-09-21 14:15:34,136 | INFO     | choreographer.utils._tmpfile | TemporaryDirectory.cleanup() worked.
2026-09-21 14:15:34,136 | INFO     | choreographer.utils._tmpfile | shutil.rmtree worked.
2026-09-21 14:15:34,137 | INFO     | kaleido.kaleido | Cancelling tasks.
2026-09-21 14:15:34,137 | INFO     | kaleido.kaleido | Exiting Kaleido/Choreo.
2026-09-21 14:15:34,138 | INFO     | modulos.graficos | Grafico generado: C:\Users\PC41\Desktop\Dev\Informe Diario\informe_precios\datos\evol_elec_3.png
2026-09-21 14:15:34,158 | INFO     | choreographer.browsers.chromium | Chromium init'ed with kwargs {}
2026-09-21 14:15:34,158 | INFO     | choreographer.browsers.chromium | Found chromium path: C:\Program Files (x86)\Google\Chrome\Application\chrome.exe
2026-09-21 14:15:34,159 | INFO     | choreographer.utils._tmpfile | Temp directory created: C:\Users\PC41\AppData\Local\Temp\tmppyoukzcp.
2026-09-21 14:15:34,159 | INFO     | choreographer.browser_async | Opening browser.
2026-09-21 14:15:34,160 | INFO     | choreographer.utils._tmpfile | Temp directory created: C:\Users\PC41\AppData\Local\Temp\tmp_lb3qxcs.
2026-09-21 14:15:34,160 | INFO     | choreographer.browsers.chromium | Temporary directory at: C:\Users\PC41\AppData\Local\Temp\tmp_lb3qxcs
2026-09-21 14:15:34,490 | INFO     | kaleido.kaleido | Conforming 1 to file:///C:/Users/PC41/AppData/Local/Temp/tmppyoukzcp/index.html
2026-09-21 14:15:35,927 | INFO     | kaleido.kaleido | Getting tab from queue (has 1)
2026-09-21 14:15:35,927 | INFO     | kaleido.kaleido | Got C86A
2026-09-21 14:15:36,052 | INFO     | kaleido.kaleido | Reloading tab C86A before return.
2026-09-21 14:15:36,185 | INFO     | kaleido.kaleido | Putting tab C86A back (queue size: 0).
2026-09-21 14:15:36,185 | INFO     | kaleido.kaleido | Waiting for all cleanups to finish.
2026-09-21 14:15:36,185 | INFO     | kaleido.kaleido | Exiting Kaleido.
2026-09-21 14:15:36,186 | INFO     | choreographer.utils._tmpfile | TemporaryDirectory.cleanup() worked.
2026-09-21 14:15:36,186 | INFO     | choreographer.utils._tmpfile | shutil.rmtree worked.
2026-09-21 14:15:36,186 | INFO     | choreographer.browser_async | Closing browser.
2026-09-21 14:15:36,246 | INFO     | choreographer.utils._tmpfile | TemporaryDirectory.cleanup() worked.
2026-09-21 14:15:36,246 | INFO     | choreographer.utils._tmpfile | shutil.rmtree worked.
2026-09-21 14:15:36,246 | INFO     | choreographer.browser_async | Closing browser.
2026-09-21 14:15:36,246 | INFO     | kaleido.kaleido | Cancelling tasks.
2026-09-21 14:15:36,246 | INFO     | kaleido.kaleido | Exiting Kaleido/Choreo.
2026-09-21 14:15:36,541 | INFO     | choreographer.utils._tmpfile | TemporaryDirectory.cleanup() worked.
2026-09-21 14:15:36,542 | INFO     | choreographer.utils._tmpfile | shutil.rmtree worked.
2026-09-21 14:15:36,542 | INFO     | kaleido.kaleido | Cancelling tasks.
2026-09-21 14:15:36,542 | INFO     | kaleido.kaleido | Exiting Kaleido/Choreo.
2026-09-21 14:15:36,543 | INFO     | modulos.graficos | Grafico generado: C:\Users\PC41\Desktop\Dev\Informe Diario\informe_precios\datos\evol_gas_0.png
2026-09-21 14:15:36,559 | INFO     | choreographer.utils._tmpfile | TemporaryDirectory.cleanup() worked.
2026-09-21 14:15:36,560 | INFO     | choreographer.utils._tmpfile | shutil.rmtree worked.
2026-09-21 14:15:36,560 | INFO     | choreographer.utils._tmpfile | TemporaryDirectory.cleanup() worked.
2026-09-21 14:15:36,560 | INFO     | choreographer.utils._tmpfile | shutil.rmtree worked.
2026-09-21 14:15:36,560 | INFO     | choreographer.utils._tmpfile | TemporaryDirectory.cleanup() worked.
2026-09-21 14:15:36,560 | INFO     | choreographer.utils._tmpfile | shutil.rmtree worked.
2026-09-21 14:15:36,560 | INFO     | choreographer.utils._tmpfile | TemporaryDirectory.cleanup() worked.
2026-09-21 14:15:36,561 | INFO     | choreographer.utils._tmpfile | shutil.rmtree worked.
2026-09-21 14:15:36,561 | INFO     | choreographer.utils._tmpfile | TemporaryDirectory.cleanup() worked.
2026-09-21 14:15:36,561 | INFO     | choreographer.utils._tmpfile | shutil.rmtree worked.
2026-09-21 14:15:36,568 | INFO     | choreographer.browsers.chromium | Chromium init'ed with kwargs {}
2026-09-21 14:15:36,569 | INFO     | choreographer.browsers.chromium | Found chromium path: C:\Program Files (x86)\Google\Chrome\Application\chrome.exe
2026-09-21 14:15:36,569 | INFO     | choreographer.utils._tmpfile | Temp directory created: C:\Users\PC41\AppData\Local\Temp\tmpm709ipmm.
2026-09-21 14:15:36,570 | INFO     | choreographer.browser_async | Opening browser.
2026-09-21 14:15:36,570 | INFO     | choreographer.utils._tmpfile | Temp directory created: C:\Users\PC41\AppData\Local\Temp\tmpkf69rmfr.
2026-09-21 14:15:36,570 | INFO     | choreographer.browsers.chromium | Temporary directory at: C:\Users\PC41\AppData\Local\Temp\tmpkf69rmfr
2026-09-21 14:15:36,896 | INFO     | kaleido.kaleido | Conforming 1 to file:///C:/Users/PC41/AppData/Local/Temp/tmpm709ipmm/index.html
2026-09-21 14:15:38,413 | INFO     | kaleido.kaleido | Getting tab from queue (has 1)
2026-09-21 14:15:38,413 | INFO     | kaleido.kaleido | Got 8895
2026-09-21 14:15:38,536 | INFO     | kaleido.kaleido | Reloading tab 8895 before return.
2026-09-21 14:15:38,670 | INFO     | kaleido.kaleido | Putting tab 8895 back (queue size: 0).
2026-09-21 14:15:38,670 | INFO     | kaleido.kaleido | Waiting for all cleanups to finish.
2026-09-21 14:15:38,670 | INFO     | kaleido.kaleido | Exiting Kaleido.
2026-09-21 14:15:38,671 | INFO     | choreographer.utils._tmpfile | TemporaryDirectory.cleanup() worked.
2026-09-21 14:15:38,671 | INFO     | choreographer.utils._tmpfile | shutil.rmtree worked.
2026-09-21 14:15:38,671 | INFO     | choreographer.browser_async | Closing browser.
2026-09-21 14:15:38,730 | INFO     | choreographer.utils._tmpfile | TemporaryDirectory.cleanup() worked.
2026-09-21 14:15:38,730 | INFO     | choreographer.utils._tmpfile | shutil.rmtree worked.
2026-09-21 14:15:38,730 | INFO     | choreographer.browser_async | Closing browser.
2026-09-21 14:15:38,730 | INFO     | kaleido.kaleido | Cancelling tasks.
2026-09-21 14:15:38,730 | INFO     | kaleido.kaleido | Exiting Kaleido/Choreo.
2026-09-21 14:15:38,964 | INFO     | choreographer.utils._tmpfile | TemporaryDirectory.cleanup() worked.
2026-09-21 14:15:38,965 | INFO     | choreographer.utils._tmpfile | shutil.rmtree worked.
2026-09-21 14:15:38,965 | INFO     | kaleido.kaleido | Cancelling tasks.
2026-09-21 14:15:38,965 | INFO     | kaleido.kaleido | Exiting Kaleido/Choreo.
2026-09-21 14:15:38,966 | INFO     | modulos.graficos | Grafico generado: C:\Users\PC41\Desktop\Dev\Informe Diario\informe_precios\datos\evol_gas_1.png
2026-09-21 14:15:38,970 | INFO     | choreographer.utils._tmpfile | TemporaryDirectory.cleanup() worked.
2026-09-21 14:15:38,970 | INFO     | choreographer.utils._tmpfile | shutil.rmtree worked.
2026-09-21 14:15:38,987 | INFO     | choreographer.browsers.chromium | Chromium init'ed with kwargs {}
2026-09-21 14:15:38,987 | INFO     | choreographer.browsers.chromium | Found chromium path: C:\Program Files (x86)\Google\Chrome\Application\chrome.exe
2026-09-21 14:15:38,988 | INFO     | choreographer.utils._tmpfile | Temp directory created: C:\Users\PC41\AppData\Local\Temp\tmpi8_9qiou.
2026-09-21 14:15:38,988 | INFO     | choreographer.browser_async | Opening browser.
2026-09-21 14:15:38,989 | INFO     | choreographer.utils._tmpfile | Temp directory created: C:\Users\PC41\AppData\Local\Temp\tmpwn_avyol.
2026-09-21 14:15:38,989 | INFO     | choreographer.browsers.chromium | Temporary directory at: C:\Users\PC41\AppData\Local\Temp\tmpwn_avyol
2026-09-21 14:15:39,424 | INFO     | kaleido.kaleido | Conforming 1 to file:///C:/Users/PC41/AppData/Local/Temp/tmpi8_9qiou/index.html
2026-09-21 14:15:41,030 | INFO     | kaleido.kaleido | Getting tab from queue (has 1)
2026-09-21 14:15:41,030 | INFO     | kaleido.kaleido | Got 39EF
2026-09-21 14:15:41,140 | INFO     | kaleido.kaleido | Reloading tab 39EF before return.
2026-09-21 14:15:41,274 | INFO     | kaleido.kaleido | Putting tab 39EF back (queue size: 0).
2026-09-21 14:15:41,275 | INFO     | kaleido.kaleido | Waiting for all cleanups to finish.
2026-09-21 14:15:41,275 | INFO     | kaleido.kaleido | Exiting Kaleido.
2026-09-21 14:15:41,275 | INFO     | choreographer.utils._tmpfile | TemporaryDirectory.cleanup() worked.
2026-09-21 14:15:41,276 | INFO     | choreographer.utils._tmpfile | shutil.rmtree worked.
2026-09-21 14:15:41,276 | INFO     | choreographer.browser_async | Closing browser.
2026-09-21 14:15:41,321 | INFO     | choreographer.utils._tmpfile | TemporaryDirectory.cleanup() worked.
2026-09-21 14:15:41,321 | INFO     | choreographer.utils._tmpfile | shutil.rmtree worked.
2026-09-21 14:15:41,321 | INFO     | choreographer.browser_async | Closing browser.
2026-09-21 14:15:41,321 | INFO     | kaleido.kaleido | Cancelling tasks.
2026-09-21 14:15:41,321 | INFO     | kaleido.kaleido | Exiting Kaleido/Choreo.
2026-09-21 14:15:41,619 | INFO     | choreographer.utils._tmpfile | TemporaryDirectory.cleanup() worked.
2026-09-21 14:15:41,619 | INFO     | choreographer.utils._tmpfile | shutil.rmtree worked.
2026-09-21 14:15:41,619 | INFO     | kaleido.kaleido | Cancelling tasks.
2026-09-21 14:15:41,620 | INFO     | kaleido.kaleido | Exiting Kaleido/Choreo.
2026-09-21 14:15:41,621 | INFO     | modulos.graficos | Grafico generado: C:\Users\PC41\Desktop\Dev\Informe Diario\informe_precios\datos\evol_gas_2.png
2026-09-21 14:15:41,633 | INFO     | choreographer.utils._tmpfile | TemporaryDirectory.cleanup() worked.
2026-09-21 14:15:41,634 | INFO     | choreographer.utils._tmpfile | shutil.rmtree worked.
2026-09-21 14:15:41,643 | INFO     | choreographer.browsers.chromium | Chromium init'ed with kwargs {}
2026-09-21 14:15:41,643 | INFO     | choreographer.browsers.chromium | Found chromium path: C:\Program Files (x86)\Google\Chrome\Application\chrome.exe
2026-09-21 14:15:41,644 | INFO     | choreographer.utils._tmpfile | Temp directory created: C:\Users\PC41\AppData\Local\Temp\tmpebxd265l.
2026-09-21 14:15:41,644 | INFO     | choreographer.browser_async | Opening browser.
2026-09-21 14:15:41,645 | INFO     | choreographer.utils._tmpfile | Temp directory created: C:\Users\PC41\AppData\Local\Temp\tmp6gvt470p.
2026-09-21 14:15:41,645 | INFO     | choreographer.browsers.chromium | Temporary directory at: C:\Users\PC41\AppData\Local\Temp\tmp6gvt470p
2026-09-21 14:15:41,986 | INFO     | kaleido.kaleido | Conforming 1 to file:///C:/Users/PC41/AppData/Local/Temp/tmpebxd265l/index.html
2026-09-21 14:15:43,596 | INFO     | kaleido.kaleido | Getting tab from queue (has 1)
2026-09-21 14:15:43,596 | INFO     | kaleido.kaleido | Got 9AD4
2026-09-21 14:15:43,724 | INFO     | kaleido.kaleido | Reloading tab 9AD4 before return.
2026-09-21 14:15:43,842 | INFO     | kaleido.kaleido | Putting tab 9AD4 back (queue size: 0).
2026-09-21 14:15:43,842 | INFO     | kaleido.kaleido | Waiting for all cleanups to finish.
2026-09-21 14:15:43,842 | INFO     | kaleido.kaleido | Exiting Kaleido.
2026-09-21 14:15:43,843 | INFO     | choreographer.utils._tmpfile | TemporaryDirectory.cleanup() worked.
2026-09-21 14:15:43,843 | INFO     | choreographer.utils._tmpfile | shutil.rmtree worked.
2026-09-21 14:15:43,843 | INFO     | choreographer.browser_async | Closing browser.
2026-09-21 14:15:43,905 | INFO     | choreographer.utils._tmpfile | TemporaryDirectory.cleanup() worked.
2026-09-21 14:15:43,905 | INFO     | choreographer.utils._tmpfile | shutil.rmtree worked.
2026-09-21 14:15:43,905 | INFO     | choreographer.browser_async | Closing browser.
2026-09-21 14:15:43,905 | INFO     | kaleido.kaleido | Cancelling tasks.
2026-09-21 14:15:43,906 | INFO     | kaleido.kaleido | Exiting Kaleido/Choreo.
2026-09-21 14:15:44,199 | INFO     | choreographer.utils._tmpfile | TemporaryDirectory.cleanup() worked.
2026-09-21 14:15:44,199 | INFO     | choreographer.utils._tmpfile | shutil.rmtree worked.
2026-09-21 14:15:44,199 | INFO     | kaleido.kaleido | Cancelling tasks.
2026-09-21 14:15:44,199 | INFO     | kaleido.kaleido | Exiting Kaleido/Choreo.
2026-09-21 14:15:44,200 | INFO     | modulos.graficos | Grafico generado: C:\Users\PC41\Desktop\Dev\Informe Diario\informe_precios\datos\evol_gas_3.png
2026-09-21 14:15:44,221 | INFO     | choreographer.browsers.chromium | Chromium init'ed with kwargs {}
2026-09-21 14:15:44,222 | INFO     | choreographer.browsers.chromium | Found chromium path: C:\Program Files (x86)\Google\Chrome\Application\chrome.exe
2026-09-21 14:15:44,222 | INFO     | choreographer.utils._tmpfile | Temp directory created: C:\Users\PC41\AppData\Local\Temp\tmp8z4dau2q.
2026-09-21 14:15:44,223 | INFO     | choreographer.browser_async | Opening browser.
2026-09-21 14:15:44,223 | INFO     | choreographer.utils._tmpfile | Temp directory created: C:\Users\PC41\AppData\Local\Temp\tmpyv3e80p9.
2026-09-21 14:15:44,224 | INFO     | choreographer.browsers.chromium | Temporary directory at: C:\Users\PC41\AppData\Local\Temp\tmpyv3e80p9
2026-09-21 14:15:44,576 | INFO     | kaleido.kaleido | Conforming 1 to file:///C:/Users/PC41/AppData/Local/Temp/tmp8z4dau2q/index.html
2026-09-21 14:15:46,216 | INFO     | kaleido.kaleido | Getting tab from queue (has 1)
2026-09-21 14:15:46,216 | INFO     | kaleido.kaleido | Got 9DB0
2026-09-21 14:15:46,387 | INFO     | kaleido.kaleido | Reloading tab 9DB0 before return.
2026-09-21 14:15:46,505 | INFO     | kaleido.kaleido | Putting tab 9DB0 back (queue size: 0).
2026-09-21 14:15:46,506 | INFO     | kaleido.kaleido | Waiting for all cleanups to finish.
2026-09-21 14:15:46,506 | INFO     | kaleido.kaleido | Exiting Kaleido.
2026-09-21 14:15:46,506 | INFO     | choreographer.utils._tmpfile | TemporaryDirectory.cleanup() worked.
2026-09-21 14:15:46,507 | INFO     | choreographer.utils._tmpfile | shutil.rmtree worked.
2026-09-21 14:15:46,507 | INFO     | choreographer.browser_async | Closing browser.
2026-09-21 14:15:46,556 | INFO     | choreographer.utils._tmpfile | TemporaryDirectory.cleanup() worked.
2026-09-21 14:15:46,556 | INFO     | choreographer.utils._tmpfile | shutil.rmtree worked.
2026-09-21 14:15:46,556 | INFO     | choreographer.browser_async | Closing browser.
2026-09-21 14:15:46,556 | INFO     | kaleido.kaleido | Cancelling tasks.
2026-09-21 14:15:46,556 | INFO     | kaleido.kaleido | Exiting Kaleido/Choreo.
2026-09-21 14:15:46,842 | INFO     | choreographer.utils._tmpfile | TemporaryDirectory.cleanup() worked.
2026-09-21 14:15:46,842 | INFO     | choreographer.utils._tmpfile | shutil.rmtree worked.
2026-09-21 14:15:46,842 | INFO     | kaleido.kaleido | Cancelling tasks.
2026-09-21 14:15:46,842 | INFO     | kaleido.kaleido | Exiting Kaleido/Choreo.
2026-09-21 14:15:46,844 | INFO     | modulos.graficos | Grafico generado: C:\Users\PC41\Desktop\Dev\Informe Diario\informe_precios\datos\evol_mibgas.png
2026-09-21 14:15:48,027 | INFO     | modulos.generar_pdf | PDF generado: C:\Users\PC41\Desktop\Dev\Informe Diario\salida\Informe Precio Diario 21.09.2026.pdf
2026-09-21 14:15:48,028 | INFO     | informe | === Informe completado: C:\Users\PC41\Desktop\Dev\Informe Diario\salida\Informe Precio Diario 21.09.2026.pdf ===
2026-09-21 14:15:48,033 | INFO     | modulos.contactos | Destinatarios (1): tbrellenthin@medhesa.es
2026-09-21 14:15:48,169 | INFO     | modulos.enviar_correo | Imágenes de la firma (1): image001.jpg
2026-09-21 14:15:48,263 | INFO     | modulos.enviar_correo | Enviado a tbrellenthin@medhesa.es
2026-09-21 14:15:48,281 | INFO     | informe | Informe enviado a 1 destinatarios
2026-09-21 14:15:48,329 | INFO     | choreographer.utils._tmpfile | TemporaryDirectory.cleanup() worked.
2026-09-21 14:15:48,329 | INFO     | choreographer.utils._tmpfile | shutil.rmtree worked.
2026-09-21 14:15:48,329 | INFO     | choreographer.utils._tmpfile | TemporaryDirectory.cleanup() worked.
2026-09-21 14:15:48,330 | INFO     | choreographer.utils._tmpfile | shutil.rmtree worked.
2026-09-22 14:05:05,232 | INFO     | informe | Log de ejecución: C:\Users\PC41\Desktop\Dev\Informe Diario\salida\generar_informe.log
2026-09-22 14:05:05,236 | INFO     | modulos.cargar_historicos | Ya existe historico_omip_electricidad.csv, se omite importacion de electricidad
2026-09-22 14:05:05,236 | INFO     | modulos.cargar_historicos | Ya existe historico_omip_gas.csv, se omite importacion de gas
2026-09-22 14:05:05,236 | INFO     | modulos.cargar_historicos | Ya existe historico_mibgas.csv, se omite importación de MIBGAS historico
2026-09-22 14:05:05,236 | INFO     | informe | === Fecha de informe: 2026-09-22 00:00:00 (entrega mañana: 2026-09-23 00:00:00) ===
2026-09-22 14:05:05,245 | INFO     | modulos.descargar_omie | Descargando OMIE 2026-09-23 (https://www.omie.es/en/file-download?parents=marginalpdbc&filename=marginalpdbc_20260923.1)
2026-09-22 14:05:05,681 | INFO     | modulos.descargar_omie | OMIE acumulado: 216 filas (dia 2026-09-23)
2026-09-22 14:05:05,684 | INFO     | modulos.descargar_omip | Descargando OMIP EL FTB (2026-09-23)
2026-09-22 14:05:06,956 | INFO     | modulos.descargar_omip | OMIP EL FTB: Base Octubre - 2026 = 131.75
2026-09-22 14:05:06,956 | INFO     | modulos.descargar_omip | OMIP EL FTB: Base Noviembre - 2026 = 146.13
2026-09-22 14:05:06,956 | INFO     | modulos.descargar_omip | OMIP EL FTB: Base Diciembre - 2026 = 138.62
2026-09-22 14:05:06,956 | INFO     | modulos.descargar_omip | OMIP EL FTB: Base 4º Trim. - 2026 = 138.75
2026-09-22 14:05:06,956 | INFO     | modulos.descargar_omip | OMIP EL FTB: Base 1º Trim. - 2027 = 119.0
2026-09-22 14:05:06,956 | INFO     | modulos.descargar_omip | OMIP EL FTB: Base 2º Trim. - 2027 = 55.5
2026-09-22 14:05:06,956 | INFO     | modulos.descargar_omip | OMIP EL FTB: Base Año - 2027 = 86.0
2026-09-22 14:05:06,956 | INFO     | modulos.descargar_omip | OMIP EL FTB: Base Año - 2028 = 59.3
2026-09-22 14:05:06,956 | INFO     | modulos.descargar_omip | OMIP EL FTB: Base Año - 2029 = 57.4
2026-09-22 14:05:06,963 | INFO     | modulos.descargar_omip | Descargando OMIP NG FGF (2026-09-23)
2026-09-22 14:05:08,130 | INFO     | modulos.descargar_omip | OMIP NG FGF: Base Octubre - 2026 = 73.25
2026-09-22 14:05:08,130 | INFO     | modulos.descargar_omip | OMIP NG FGF: Base Noviembre - 2026 = 75.54
2026-09-22 14:05:08,130 | INFO     | modulos.descargar_omip | OMIP NG FGF: Base Diciembre - 2026 = 75.34
2026-09-22 14:05:08,130 | INFO     | modulos.descargar_omip | OMIP NG FGF: Base 4º Trim. - 2026 = 74.7
2026-09-22 14:05:08,130 | INFO     | modulos.descargar_omip | OMIP NG FGF: Base 1º Trim. - 2027 = 68.44
2026-09-22 14:05:08,130 | INFO     | modulos.descargar_omip | OMIP NG FGF: Base 2º Trim. - 2027 = 53.55
2026-09-22 14:05:08,130 | INFO     | modulos.descargar_omip | OMIP NG FGF: Base Año - 2027 = 57.28
2026-09-22 14:05:08,130 | INFO     | modulos.descargar_omip | OMIP NG FGF: Base Año - 2028 = 36.06
2026-09-22 14:05:08,134 | INFO     | modulos.descargar_mibgas | Descargando MIBGAS anual 2026 (https://www.mibgas.es/en/file-access/MIBGAS_Data_2026.xlsx?path=AGNO_2026/XLS)
2026-09-22 14:05:17,912 | INFO     | modulos.descargar_mibgas | MIBGAS actualizado: 2495 filas (2026)
2026-09-22 14:05:17,914 | INFO     | informe | Precio medio OMIE mañana (2026-09-23 00:00:00): 158.88
2026-09-22 14:05:17,916 | INFO     | informe | Precio MIBGAS hoy (2026-09-22): 75.53
2026-09-22 14:05:18,726 | INFO     | choreographer.browsers.chromium | Chromium init'ed with kwargs {}
2026-09-22 14:05:18,741 | INFO     | choreographer.browsers.chromium | Found chromium path: C:\Program Files (x86)\Google\Chrome\Application\chrome.exe
2026-09-22 14:05:18,742 | INFO     | choreographer.utils._tmpfile | Temp directory created: C:\Users\PC41\AppData\Local\Temp\tmpc5v4hu3k.
2026-09-22 14:05:18,743 | INFO     | choreographer.browser_async | Opening browser.
2026-09-22 14:05:18,744 | INFO     | choreographer.utils._tmpfile | Temp directory created: C:\Users\PC41\AppData\Local\Temp\tmpa3ql467i.
2026-09-22 14:05:18,744 | INFO     | choreographer.browsers.chromium | Temporary directory at: C:\Users\PC41\AppData\Local\Temp\tmpa3ql467i
2026-09-22 14:05:20,461 | INFO     | kaleido.kaleido | Conforming 1 to file:///C:/Users/PC41/AppData/Local/Temp/tmpc5v4hu3k/index.html
2026-09-22 14:05:22,059 | INFO     | kaleido.kaleido | Getting tab from queue (has 1)
2026-09-22 14:05:22,059 | INFO     | kaleido.kaleido | Got 09ED
2026-09-22 14:05:22,253 | INFO     | kaleido.kaleido | Reloading tab 09ED before return.
2026-09-22 14:05:22,368 | INFO     | kaleido.kaleido | Putting tab 09ED back (queue size: 0).
2026-09-22 14:05:22,368 | INFO     | kaleido.kaleido | Waiting for all cleanups to finish.
2026-09-22 14:05:22,368 | INFO     | kaleido.kaleido | Exiting Kaleido.
2026-09-22 14:05:22,369 | INFO     | choreographer.utils._tmpfile | TemporaryDirectory.cleanup() worked.
2026-09-22 14:05:22,369 | INFO     | choreographer.utils._tmpfile | shutil.rmtree worked.
2026-09-22 14:05:22,369 | INFO     | choreographer.browser_async | Closing browser.
2026-09-22 14:05:22,407 | INFO     | choreographer.utils._tmpfile | TemporaryDirectory.cleanup() worked.
2026-09-22 14:05:22,408 | INFO     | choreographer.utils._tmpfile | shutil.rmtree worked.
2026-09-22 14:05:22,408 | INFO     | choreographer.browser_async | Closing browser.
2026-09-22 14:05:22,408 | INFO     | kaleido.kaleido | Cancelling tasks.
2026-09-22 14:05:22,408 | INFO     | kaleido.kaleido | Exiting Kaleido/Choreo.
2026-09-22 14:05:22,715 | INFO     | choreographer.utils._tmpfile | TemporaryDirectory.cleanup() worked.
2026-09-22 14:05:22,716 | INFO     | choreographer.utils._tmpfile | shutil.rmtree worked.
2026-09-22 14:05:22,716 | INFO     | kaleido.kaleido | Cancelling tasks.
2026-09-22 14:05:22,716 | INFO     | kaleido.kaleido | Exiting Kaleido/Choreo.
2026-09-22 14:05:22,717 | INFO     | modulos.graficos | Grafico generado: C:\Users\PC41\Desktop\Dev\Informe Diario\informe_precios\datos\grafico_horario_omie.png
2026-09-22 14:05:22,740 | INFO     | choreographer.utils._tmpfile | TemporaryDirectory.cleanup() worked.
2026-09-22 14:05:22,740 | INFO     | choreographer.utils._tmpfile | shutil.rmtree worked.
2026-09-22 14:05:22,786 | INFO     | choreographer.browsers.chromium | Chromium init'ed with kwargs {}
2026-09-22 14:05:22,786 | INFO     | choreographer.browsers.chromium | Found chromium path: C:\Program Files (x86)\Google\Chrome\Application\chrome.exe
2026-09-22 14:05:22,786 | INFO     | choreographer.utils._tmpfile | Temp directory created: C:\Users\PC41\AppData\Local\Temp\tmpqcwu8cgs.
2026-09-22 14:05:22,787 | INFO     | choreographer.browser_async | Opening browser.
2026-09-22 14:05:22,787 | INFO     | choreographer.utils._tmpfile | Temp directory created: C:\Users\PC41\AppData\Local\Temp\tmp0kl15qet.
2026-09-22 14:05:22,787 | INFO     | choreographer.browsers.chromium | Temporary directory at: C:\Users\PC41\AppData\Local\Temp\tmp0kl15qet
2026-09-22 14:05:23,131 | INFO     | kaleido.kaleido | Conforming 1 to file:///C:/Users/PC41/AppData/Local/Temp/tmpqcwu8cgs/index.html
2026-09-22 14:05:24,524 | INFO     | kaleido.kaleido | Getting tab from queue (has 1)
2026-09-22 14:05:24,525 | INFO     | kaleido.kaleido | Got 2B4B
2026-09-22 14:05:24,652 | INFO     | kaleido.kaleido | Reloading tab 2B4B before return.
2026-09-22 14:05:24,774 | INFO     | kaleido.kaleido | Putting tab 2B4B back (queue size: 0).
2026-09-22 14:05:24,775 | INFO     | kaleido.kaleido | Waiting for all cleanups to finish.
2026-09-22 14:05:24,775 | INFO     | kaleido.kaleido | Exiting Kaleido.
2026-09-22 14:05:24,775 | INFO     | choreographer.utils._tmpfile | TemporaryDirectory.cleanup() worked.
2026-09-22 14:05:24,776 | INFO     | choreographer.utils._tmpfile | shutil.rmtree worked.
2026-09-22 14:05:24,776 | INFO     | choreographer.browser_async | Closing browser.
2026-09-22 14:05:24,828 | INFO     | choreographer.utils._tmpfile | TemporaryDirectory.cleanup() worked.
2026-09-22 14:05:24,829 | INFO     | choreographer.utils._tmpfile | shutil.rmtree worked.
2026-09-22 14:05:24,829 | INFO     | choreographer.browser_async | Closing browser.
2026-09-22 14:05:24,829 | INFO     | kaleido.kaleido | Cancelling tasks.
2026-09-22 14:05:24,829 | INFO     | kaleido.kaleido | Exiting Kaleido/Choreo.
2026-09-22 14:05:25,225 | INFO     | choreographer.utils._tmpfile | TemporaryDirectory.cleanup() worked.
2026-09-22 14:05:25,225 | INFO     | choreographer.utils._tmpfile | shutil.rmtree worked.
2026-09-22 14:05:25,225 | INFO     | kaleido.kaleido | Cancelling tasks.
2026-09-22 14:05:25,225 | INFO     | kaleido.kaleido | Exiting Kaleido/Choreo.
2026-09-22 14:05:25,227 | INFO     | modulos.graficos | Grafico generado: C:\Users\PC41\Desktop\Dev\Informe Diario\informe_precios\datos\evol_elec_0.png
2026-09-22 14:05:25,249 | INFO     | choreographer.browsers.chromium | Chromium init'ed with kwargs {}
2026-09-22 14:05:25,250 | INFO     | choreographer.browsers.chromium | Found chromium path: C:\Program Files (x86)\Google\Chrome\Application\chrome.exe
2026-09-22 14:05:25,250 | INFO     | choreographer.utils._tmpfile | Temp directory created: C:\Users\PC41\AppData\Local\Temp\tmpzagmprqe.
2026-09-22 14:05:25,251 | INFO     | choreographer.browser_async | Opening browser.
2026-09-22 14:05:25,251 | INFO     | choreographer.utils._tmpfile | Temp directory created: C:\Users\PC41\AppData\Local\Temp\tmpcmzb9kvm.
2026-09-22 14:05:25,251 | INFO     | choreographer.browsers.chromium | Temporary directory at: C:\Users\PC41\AppData\Local\Temp\tmpcmzb9kvm
2026-09-22 14:05:25,589 | INFO     | kaleido.kaleido | Conforming 1 to file:///C:/Users/PC41/AppData/Local/Temp/tmpzagmprqe/index.html
2026-09-22 14:05:27,173 | INFO     | kaleido.kaleido | Getting tab from queue (has 1)
2026-09-22 14:05:27,173 | INFO     | kaleido.kaleido | Got 6996
2026-09-22 14:05:27,290 | INFO     | kaleido.kaleido | Reloading tab 6996 before return.
2026-09-22 14:05:27,421 | INFO     | kaleido.kaleido | Putting tab 6996 back (queue size: 0).
2026-09-22 14:05:27,421 | INFO     | kaleido.kaleido | Waiting for all cleanups to finish.
2026-09-22 14:05:27,421 | INFO     | kaleido.kaleido | Exiting Kaleido.
2026-09-22 14:05:27,422 | INFO     | choreographer.utils._tmpfile | TemporaryDirectory.cleanup() worked.
2026-09-22 14:05:27,422 | INFO     | choreographer.utils._tmpfile | shutil.rmtree worked.
2026-09-22 14:05:27,422 | INFO     | choreographer.browser_async | Closing browser.
2026-09-22 14:05:27,471 | INFO     | choreographer.utils._tmpfile | TemporaryDirectory.cleanup() worked.
2026-09-22 14:05:27,471 | INFO     | choreographer.utils._tmpfile | shutil.rmtree worked.
2026-09-22 14:05:27,471 | INFO     | choreographer.browser_async | Closing browser.
2026-09-22 14:05:27,471 | INFO     | kaleido.kaleido | Cancelling tasks.
2026-09-22 14:05:27,471 | INFO     | kaleido.kaleido | Exiting Kaleido/Choreo.
2026-09-22 14:05:27,728 | INFO     | choreographer.utils._tmpfile | TemporaryDirectory.cleanup() worked.
2026-09-22 14:05:27,728 | INFO     | choreographer.utils._tmpfile | shutil.rmtree worked.
2026-09-22 14:05:27,728 | INFO     | kaleido.kaleido | Cancelling tasks.
2026-09-22 14:05:27,728 | INFO     | kaleido.kaleido | Exiting Kaleido/Choreo.
2026-09-22 14:05:27,729 | INFO     | modulos.graficos | Grafico generado: C:\Users\PC41\Desktop\Dev\Informe Diario\informe_precios\datos\evol_elec_1.png
2026-09-22 14:05:27,749 | INFO     | choreographer.browsers.chromium | Chromium init'ed with kwargs {}
2026-09-22 14:05:27,750 | INFO     | choreographer.browsers.chromium | Found chromium path: C:\Program Files (x86)\Google\Chrome\Application\chrome.exe
2026-09-22 14:05:27,750 | INFO     | choreographer.utils._tmpfile | Temp directory created: C:\Users\PC41\AppData\Local\Temp\tmpm9lyribg.
2026-09-22 14:05:27,751 | INFO     | choreographer.browser_async | Opening browser.
2026-09-22 14:05:27,751 | INFO     | choreographer.utils._tmpfile | Temp directory created: C:\Users\PC41\AppData\Local\Temp\tmp0093wotn.
2026-09-22 14:05:27,751 | INFO     | choreographer.browsers.chromium | Temporary directory at: C:\Users\PC41\AppData\Local\Temp\tmp0093wotn
2026-09-22 14:05:28,068 | INFO     | kaleido.kaleido | Conforming 1 to file:///C:/Users/PC41/AppData/Local/Temp/tmpm9lyribg/index.html
2026-09-22 14:05:29,679 | INFO     | kaleido.kaleido | Getting tab from queue (has 1)
2026-09-22 14:05:29,679 | INFO     | kaleido.kaleido | Got E023
2026-09-22 14:05:29,795 | INFO     | kaleido.kaleido | Reloading tab E023 before return.
2026-09-22 14:05:29,911 | INFO     | kaleido.kaleido | Putting tab E023 back (queue size: 0).
2026-09-22 14:05:29,911 | INFO     | kaleido.kaleido | Waiting for all cleanups to finish.
2026-09-22 14:05:29,911 | INFO     | kaleido.kaleido | Exiting Kaleido.
2026-09-22 14:05:29,911 | INFO     | choreographer.utils._tmpfile | TemporaryDirectory.cleanup() worked.
2026-09-22 14:05:29,912 | INFO     | choreographer.utils._tmpfile | shutil.rmtree worked.
2026-09-22 14:05:29,912 | INFO     | choreographer.browser_async | Closing browser.
2026-09-22 14:05:29,961 | INFO     | choreographer.utils._tmpfile | TemporaryDirectory.cleanup() worked.
2026-09-22 14:05:29,961 | INFO     | choreographer.utils._tmpfile | shutil.rmtree worked.
2026-09-22 14:05:29,962 | INFO     | choreographer.browser_async | Closing browser.
2026-09-22 14:05:29,962 | INFO     | kaleido.kaleido | Cancelling tasks.
2026-09-22 14:05:29,962 | INFO     | kaleido.kaleido | Exiting Kaleido/Choreo.
2026-09-22 14:05:30,249 | INFO     | choreographer.utils._tmpfile | TemporaryDirectory.cleanup() worked.
2026-09-22 14:05:30,249 | INFO     | choreographer.utils._tmpfile | shutil.rmtree worked.
2026-09-22 14:05:30,250 | INFO     | kaleido.kaleido | Cancelling tasks.
2026-09-22 14:05:30,250 | INFO     | kaleido.kaleido | Exiting Kaleido/Choreo.
2026-09-22 14:05:30,251 | INFO     | modulos.graficos | Grafico generado: C:\Users\PC41\Desktop\Dev\Informe Diario\informe_precios\datos\evol_elec_2.png
2026-09-22 14:05:30,273 | INFO     | choreographer.browsers.chromium | Chromium init'ed with kwargs {}
2026-09-22 14:05:30,274 | INFO     | choreographer.browsers.chromium | Found chromium path: C:\Program Files (x86)\Google\Chrome\Application\chrome.exe
2026-09-22 14:05:30,274 | INFO     | choreographer.utils._tmpfile | Temp directory created: C:\Users\PC41\AppData\Local\Temp\tmpx34tf87c.
2026-09-22 14:05:30,275 | INFO     | choreographer.browser_async | Opening browser.
2026-09-22 14:05:30,275 | INFO     | choreographer.utils._tmpfile | Temp directory created: C:\Users\PC41\AppData\Local\Temp\tmp43kjhdg5.
2026-09-22 14:05:30,275 | INFO     | choreographer.browsers.chromium | Temporary directory at: C:\Users\PC41\AppData\Local\Temp\tmp43kjhdg5
2026-09-22 14:05:30,623 | INFO     | kaleido.kaleido | Conforming 1 to file:///C:/Users/PC41/AppData/Local/Temp/tmpx34tf87c/index.html
2026-09-22 14:05:31,976 | INFO     | kaleido.kaleido | Getting tab from queue (has 1)
2026-09-22 14:05:31,976 | INFO     | kaleido.kaleido | Got 7025
2026-09-22 14:05:32,107 | INFO     | kaleido.kaleido | Reloading tab 7025 before return.
2026-09-22 14:05:32,229 | INFO     | kaleido.kaleido | Putting tab 7025 back (queue size: 0).
2026-09-22 14:05:32,229 | INFO     | kaleido.kaleido | Waiting for all cleanups to finish.
2026-09-22 14:05:32,229 | INFO     | kaleido.kaleido | Exiting Kaleido.
2026-09-22 14:05:32,230 | INFO     | choreographer.utils._tmpfile | TemporaryDirectory.cleanup() worked.
2026-09-22 14:05:32,230 | INFO     | choreographer.utils._tmpfile | shutil.rmtree worked.
2026-09-22 14:05:32,230 | INFO     | choreographer.browser_async | Closing browser.
2026-09-22 14:05:32,283 | INFO     | choreographer.utils._tmpfile | TemporaryDirectory.cleanup() worked.
2026-09-22 14:05:32,284 | INFO     | choreographer.utils._tmpfile | shutil.rmtree worked.
2026-09-22 14:05:32,284 | INFO     | choreographer.browser_async | Closing browser.
2026-09-22 14:05:32,284 | INFO     | kaleido.kaleido | Cancelling tasks.
2026-09-22 14:05:32,284 | INFO     | kaleido.kaleido | Exiting Kaleido/Choreo.
2026-09-22 14:05:32,513 | INFO     | choreographer.utils._tmpfile | TemporaryDirectory.cleanup() worked.
2026-09-22 14:05:32,513 | INFO     | choreographer.utils._tmpfile | shutil.rmtree worked.
2026-09-22 14:05:32,513 | INFO     | kaleido.kaleido | Cancelling tasks.
2026-09-22 14:05:32,513 | INFO     | kaleido.kaleido | Exiting Kaleido/Choreo.
2026-09-22 14:05:32,514 | INFO     | modulos.graficos | Grafico generado: C:\Users\PC41\Desktop\Dev\Informe Diario\informe_precios\datos\evol_elec_3.png
2026-09-22 14:05:32,519 | INFO     | choreographer.utils._tmpfile | TemporaryDirectory.cleanup() worked.
2026-09-22 14:05:32,519 | INFO     | choreographer.utils._tmpfile | shutil.rmtree worked.
2026-09-22 14:05:32,536 | INFO     | choreographer.browsers.chromium | Chromium init'ed with kwargs {}
2026-09-22 14:05:32,536 | INFO     | choreographer.browsers.chromium | Found chromium path: C:\Program Files (x86)\Google\Chrome\Application\chrome.exe
2026-09-22 14:05:32,536 | INFO     | choreographer.utils._tmpfile | Temp directory created: C:\Users\PC41\AppData\Local\Temp\tmpzjx2mc26.
2026-09-22 14:05:32,537 | INFO     | choreographer.browser_async | Opening browser.
2026-09-22 14:05:32,537 | INFO     | choreographer.utils._tmpfile | Temp directory created: C:\Users\PC41\AppData\Local\Temp\tmprhvjcpr7.
2026-09-22 14:05:32,538 | INFO     | choreographer.browsers.chromium | Temporary directory at: C:\Users\PC41\AppData\Local\Temp\tmprhvjcpr7
2026-09-22 14:05:32,896 | INFO     | kaleido.kaleido | Conforming 1 to file:///C:/Users/PC41/AppData/Local/Temp/tmpzjx2mc26/index.html
2026-09-22 14:05:34,369 | INFO     | kaleido.kaleido | Getting tab from queue (has 1)
2026-09-22 14:05:34,369 | INFO     | kaleido.kaleido | Got B25B
2026-09-22 14:05:34,488 | INFO     | kaleido.kaleido | Reloading tab B25B before return.
2026-09-22 14:05:34,600 | INFO     | kaleido.kaleido | Putting tab B25B back (queue size: 0).
2026-09-22 14:05:34,600 | INFO     | kaleido.kaleido | Waiting for all cleanups to finish.
2026-09-22 14:05:34,600 | INFO     | kaleido.kaleido | Exiting Kaleido.
2026-09-22 14:05:34,601 | INFO     | choreographer.utils._tmpfile | TemporaryDirectory.cleanup() worked.
2026-09-22 14:05:34,601 | INFO     | choreographer.utils._tmpfile | shutil.rmtree worked.
2026-09-22 14:05:34,601 | INFO     | choreographer.browser_async | Closing browser.
2026-09-22 14:05:34,654 | INFO     | choreographer.utils._tmpfile | TemporaryDirectory.cleanup() worked.
2026-09-22 14:05:34,654 | INFO     | choreographer.utils._tmpfile | shutil.rmtree worked.
2026-09-22 14:05:34,654 | INFO     | choreographer.browser_async | Closing browser.
2026-09-22 14:05:34,654 | INFO     | kaleido.kaleido | Cancelling tasks.
2026-09-22 14:05:34,654 | INFO     | kaleido.kaleido | Exiting Kaleido/Choreo.
2026-09-22 14:05:34,995 | INFO     | choreographer.utils._tmpfile | TemporaryDirectory.cleanup() worked.
2026-09-22 14:05:34,996 | INFO     | choreographer.utils._tmpfile | shutil.rmtree worked.
2026-09-22 14:05:34,996 | INFO     | kaleido.kaleido | Cancelling tasks.
2026-09-22 14:05:34,996 | INFO     | kaleido.kaleido | Exiting Kaleido/Choreo.
2026-09-22 14:05:34,997 | INFO     | modulos.graficos | Grafico generado: C:\Users\PC41\Desktop\Dev\Informe Diario\informe_precios\datos\evol_gas_0.png
2026-09-22 14:05:35,003 | INFO     | choreographer.utils._tmpfile | TemporaryDirectory.cleanup() worked.
2026-09-22 14:05:35,003 | INFO     | choreographer.utils._tmpfile | shutil.rmtree worked.
2026-09-22 14:05:35,016 | INFO     | choreographer.utils._tmpfile | TemporaryDirectory.cleanup() worked.
2026-09-22 14:05:35,016 | INFO     | choreographer.utils._tmpfile | shutil.rmtree worked.
2026-09-22 14:05:35,017 | INFO     | choreographer.utils._tmpfile | TemporaryDirectory.cleanup() worked.
2026-09-22 14:05:35,017 | INFO     | choreographer.utils._tmpfile | shutil.rmtree worked.
2026-09-22 14:05:35,017 | INFO     | choreographer.utils._tmpfile | TemporaryDirectory.cleanup() worked.
2026-09-22 14:05:35,017 | INFO     | choreographer.utils._tmpfile | shutil.rmtree worked.
2026-09-22 14:05:35,022 | INFO     | choreographer.browsers.chromium | Chromium init'ed with kwargs {}
2026-09-22 14:05:35,023 | INFO     | choreographer.browsers.chromium | Found chromium path: C:\Program Files (x86)\Google\Chrome\Application\chrome.exe
2026-09-22 14:05:35,023 | INFO     | choreographer.utils._tmpfile | Temp directory created: C:\Users\PC41\AppData\Local\Temp\tmpv5o5hegc.
2026-09-22 14:05:35,024 | INFO     | choreographer.browser_async | Opening browser.
2026-09-22 14:05:35,024 | INFO     | choreographer.utils._tmpfile | Temp directory created: C:\Users\PC41\AppData\Local\Temp\tmpzvc7k002.
2026-09-22 14:05:35,024 | INFO     | choreographer.browsers.chromium | Temporary directory at: C:\Users\PC41\AppData\Local\Temp\tmpzvc7k002
2026-09-22 14:05:35,367 | INFO     | kaleido.kaleido | Conforming 1 to file:///C:/Users/PC41/AppData/Local/Temp/tmpv5o5hegc/index.html
2026-09-22 14:05:37,070 | INFO     | kaleido.kaleido | Getting tab from queue (has 1)
2026-09-22 14:05:37,070 | INFO     | kaleido.kaleido | Got EB82
2026-09-22 14:05:37,191 | INFO     | kaleido.kaleido | Reloading tab EB82 before return.
2026-09-22 14:05:37,304 | INFO     | kaleido.kaleido | Putting tab EB82 back (queue size: 0).
2026-09-22 14:05:37,305 | INFO     | kaleido.kaleido | Waiting for all cleanups to finish.
2026-09-22 14:05:37,305 | INFO     | kaleido.kaleido | Exiting Kaleido.
2026-09-22 14:05:37,305 | INFO     | choreographer.utils._tmpfile | TemporaryDirectory.cleanup() worked.
2026-09-22 14:05:37,305 | INFO     | choreographer.utils._tmpfile | shutil.rmtree worked.
2026-09-22 14:05:37,306 | INFO     | choreographer.browser_async | Closing browser.
2026-09-22 14:05:37,354 | INFO     | choreographer.utils._tmpfile | TemporaryDirectory.cleanup() worked.
2026-09-22 14:05:37,354 | INFO     | choreographer.utils._tmpfile | shutil.rmtree worked.
2026-09-22 14:05:37,354 | INFO     | choreographer.browser_async | Closing browser.
2026-09-22 14:05:37,354 | INFO     | kaleido.kaleido | Cancelling tasks.
2026-09-22 14:05:37,355 | INFO     | kaleido.kaleido | Exiting Kaleido/Choreo.
2026-09-22 14:05:37,592 | INFO     | choreographer.utils._tmpfile | TemporaryDirectory.cleanup() worked.
2026-09-22 14:05:37,593 | INFO     | choreographer.utils._tmpfile | shutil.rmtree worked.
2026-09-22 14:05:37,593 | INFO     | kaleido.kaleido | Cancelling tasks.
2026-09-22 14:05:37,593 | INFO     | kaleido.kaleido | Exiting Kaleido/Choreo.
2026-09-22 14:05:37,594 | INFO     | modulos.graficos | Grafico generado: C:\Users\PC41\Desktop\Dev\Informe Diario\informe_precios\datos\evol_gas_1.png
2026-09-22 14:05:37,603 | INFO     | choreographer.utils._tmpfile | TemporaryDirectory.cleanup() worked.
2026-09-22 14:05:37,603 | INFO     | choreographer.utils._tmpfile | shutil.rmtree worked.
2026-09-22 14:05:37,617 | INFO     | choreographer.browsers.chromium | Chromium init'ed with kwargs {}
2026-09-22 14:05:37,618 | INFO     | choreographer.browsers.chromium | Found chromium path: C:\Program Files (x86)\Google\Chrome\Application\chrome.exe
2026-09-22 14:05:37,618 | INFO     | choreographer.utils._tmpfile | Temp directory created: C:\Users\PC41\AppData\Local\Temp\tmprilf_r05.
2026-09-22 14:05:37,618 | INFO     | choreographer.browser_async | Opening browser.
2026-09-22 14:05:37,619 | INFO     | choreographer.utils._tmpfile | Temp directory created: C:\Users\PC41\AppData\Local\Temp\tmpttusck6c.
2026-09-22 14:05:37,619 | INFO     | choreographer.browsers.chromium | Temporary directory at: C:\Users\PC41\AppData\Local\Temp\tmpttusck6c
2026-09-22 14:05:37,996 | INFO     | kaleido.kaleido | Conforming 1 to file:///C:/Users/PC41/AppData/Local/Temp/tmprilf_r05/index.html
2026-09-22 14:05:39,452 | INFO     | kaleido.kaleido | Getting tab from queue (has 1)
2026-09-22 14:05:39,452 | INFO     | kaleido.kaleido | Got A85B
2026-09-22 14:05:39,559 | INFO     | kaleido.kaleido | Reloading tab A85B before return.
2026-09-22 14:05:39,672 | INFO     | kaleido.kaleido | Putting tab A85B back (queue size: 0).
2026-09-22 14:05:39,672 | INFO     | kaleido.kaleido | Waiting for all cleanups to finish.
2026-09-22 14:05:39,672 | INFO     | kaleido.kaleido | Exiting Kaleido.
2026-09-22 14:05:39,673 | INFO     | choreographer.utils._tmpfile | TemporaryDirectory.cleanup() worked.
2026-09-22 14:05:39,673 | INFO     | choreographer.utils._tmpfile | shutil.rmtree worked.
2026-09-22 14:05:39,673 | INFO     | choreographer.browser_async | Closing browser.
2026-09-22 14:05:39,740 | INFO     | choreographer.utils._tmpfile | TemporaryDirectory.cleanup() worked.
2026-09-22 14:05:39,741 | INFO     | choreographer.utils._tmpfile | shutil.rmtree worked.
2026-09-22 14:05:39,741 | INFO     | choreographer.browser_async | Closing browser.
2026-09-22 14:05:39,741 | INFO     | kaleido.kaleido | Cancelling tasks.
2026-09-22 14:05:39,741 | INFO     | kaleido.kaleido | Exiting Kaleido/Choreo.
2026-09-22 14:05:39,984 | INFO     | choreographer.utils._tmpfile | TemporaryDirectory.cleanup() worked.
2026-09-22 14:05:39,984 | INFO     | choreographer.utils._tmpfile | shutil.rmtree worked.
2026-09-22 14:05:39,985 | INFO     | kaleido.kaleido | Cancelling tasks.
2026-09-22 14:05:39,985 | INFO     | kaleido.kaleido | Exiting Kaleido/Choreo.
2026-09-22 14:05:39,986 | INFO     | modulos.graficos | Grafico generado: C:\Users\PC41\Desktop\Dev\Informe Diario\informe_precios\datos\evol_gas_2.png
2026-09-22 14:05:40,000 | INFO     | choreographer.utils._tmpfile | TemporaryDirectory.cleanup() worked.
2026-09-22 14:05:40,001 | INFO     | choreographer.utils._tmpfile | shutil.rmtree worked.
2026-09-22 14:05:40,009 | INFO     | choreographer.browsers.chromium | Chromium init'ed with kwargs {}
2026-09-22 14:05:40,009 | INFO     | choreographer.browsers.chromium | Found chromium path: C:\Program Files (x86)\Google\Chrome\Application\chrome.exe
2026-09-22 14:05:40,009 | INFO     | choreographer.utils._tmpfile | Temp directory created: C:\Users\PC41\AppData\Local\Temp\tmp2e4zqfw5.
2026-09-22 14:05:40,010 | INFO     | choreographer.browser_async | Opening browser.
2026-09-22 14:05:40,010 | INFO     | choreographer.utils._tmpfile | Temp directory created: C:\Users\PC41\AppData\Local\Temp\tmpa1z3vhea.
2026-09-22 14:05:40,011 | INFO     | choreographer.browsers.chromium | Temporary directory at: C:\Users\PC41\AppData\Local\Temp\tmpa1z3vhea
2026-09-22 14:05:40,332 | INFO     | kaleido.kaleido | Conforming 1 to file:///C:/Users/PC41/AppData/Local/Temp/tmp2e4zqfw5/index.html
2026-09-22 14:05:41,839 | INFO     | kaleido.kaleido | Getting tab from queue (has 1)
2026-09-22 14:05:41,839 | INFO     | kaleido.kaleido | Got A028
2026-09-22 14:05:41,963 | INFO     | kaleido.kaleido | Reloading tab A028 before return.
2026-09-22 14:05:42,080 | INFO     | kaleido.kaleido | Putting tab A028 back (queue size: 0).
2026-09-22 14:05:42,081 | INFO     | kaleido.kaleido | Waiting for all cleanups to finish.
2026-09-22 14:05:42,081 | INFO     | kaleido.kaleido | Exiting Kaleido.
2026-09-22 14:05:42,082 | INFO     | choreographer.utils._tmpfile | TemporaryDirectory.cleanup() worked.
2026-09-22 14:05:42,082 | INFO     | choreographer.utils._tmpfile | shutil.rmtree worked.
2026-09-22 14:05:42,082 | INFO     | choreographer.browser_async | Closing browser.
2026-09-22 14:05:42,135 | INFO     | choreographer.utils._tmpfile | TemporaryDirectory.cleanup() worked.
2026-09-22 14:05:42,136 | INFO     | choreographer.utils._tmpfile | shutil.rmtree worked.
2026-09-22 14:05:42,136 | INFO     | choreographer.browser_async | Closing browser.
2026-09-22 14:05:42,136 | INFO     | kaleido.kaleido | Cancelling tasks.
2026-09-22 14:05:42,136 | INFO     | kaleido.kaleido | Exiting Kaleido/Choreo.
2026-09-22 14:05:42,404 | INFO     | choreographer.utils._tmpfile | TemporaryDirectory.cleanup() worked.
2026-09-22 14:05:42,405 | INFO     | choreographer.utils._tmpfile | shutil.rmtree worked.
2026-09-22 14:05:42,405 | INFO     | kaleido.kaleido | Cancelling tasks.
2026-09-22 14:05:42,405 | INFO     | kaleido.kaleido | Exiting Kaleido/Choreo.
2026-09-22 14:05:42,406 | INFO     | modulos.graficos | Grafico generado: C:\Users\PC41\Desktop\Dev\Informe Diario\informe_precios\datos\evol_gas_3.png
2026-09-22 14:05:42,425 | INFO     | choreographer.browsers.chromium | Chromium init'ed with kwargs {}
2026-09-22 14:05:42,426 | INFO     | choreographer.browsers.chromium | Found chromium path: C:\Program Files (x86)\Google\Chrome\Application\chrome.exe
2026-09-22 14:05:42,426 | INFO     | choreographer.utils._tmpfile | Temp directory created: C:\Users\PC41\AppData\Local\Temp\tmprb0zrvu6.
2026-09-22 14:05:42,427 | INFO     | choreographer.browser_async | Opening browser.
2026-09-22 14:05:42,427 | INFO     | choreographer.utils._tmpfile | Temp directory created: C:\Users\PC41\AppData\Local\Temp\tmpd67uzskm.
2026-09-22 14:05:42,427 | INFO     | choreographer.browsers.chromium | Temporary directory at: C:\Users\PC41\AppData\Local\Temp\tmpd67uzskm
2026-09-22 14:05:42,750 | INFO     | kaleido.kaleido | Conforming 1 to file:///C:/Users/PC41/AppData/Local/Temp/tmprb0zrvu6/index.html
2026-09-22 14:05:44,463 | INFO     | kaleido.kaleido | Getting tab from queue (has 1)
2026-09-22 14:05:44,464 | INFO     | kaleido.kaleido | Got 0E1E
2026-09-22 14:05:44,626 | INFO     | kaleido.kaleido | Reloading tab 0E1E before return.
2026-09-22 14:05:44,735 | INFO     | kaleido.kaleido | Putting tab 0E1E back (queue size: 0).
2026-09-22 14:05:44,735 | INFO     | kaleido.kaleido | Waiting for all cleanups to finish.
2026-09-22 14:05:44,735 | INFO     | kaleido.kaleido | Exiting Kaleido.
2026-09-22 14:05:44,736 | INFO     | choreographer.utils._tmpfile | TemporaryDirectory.cleanup() worked.
2026-09-22 14:05:44,736 | INFO     | choreographer.utils._tmpfile | shutil.rmtree worked.
2026-09-22 14:05:44,736 | INFO     | choreographer.browser_async | Closing browser.
2026-09-22 14:05:44,787 | INFO     | choreographer.utils._tmpfile | TemporaryDirectory.cleanup() worked.
2026-09-22 14:05:44,788 | INFO     | choreographer.utils._tmpfile | shutil.rmtree worked.
2026-09-22 14:05:44,788 | INFO     | choreographer.browser_async | Closing browser.
2026-09-22 14:05:44,788 | INFO     | kaleido.kaleido | Cancelling tasks.
2026-09-22 14:05:44,788 | INFO     | kaleido.kaleido | Exiting Kaleido/Choreo.
2026-09-22 14:05:45,518 | INFO     | choreographer.utils._tmpfile | TemporaryDirectory.cleanup() worked.
2026-09-22 14:05:45,519 | INFO     | choreographer.utils._tmpfile | shutil.rmtree worked.
2026-09-22 14:05:45,519 | INFO     | kaleido.kaleido | Cancelling tasks.
2026-09-22 14:05:45,519 | INFO     | kaleido.kaleido | Exiting Kaleido/Choreo.
2026-09-22 14:05:45,527 | INFO     | modulos.graficos | Grafico generado: C:\Users\PC41\Desktop\Dev\Informe Diario\informe_precios\datos\evol_mibgas.png
2026-09-22 14:05:46,790 | INFO     | modulos.generar_pdf | PDF generado: C:\Users\PC41\Desktop\Dev\Informe Diario\salida\Informe Precio Diario 22.09.2026.pdf
2026-09-22 14:05:46,790 | INFO     | informe | === Informe completado: C:\Users\PC41\Desktop\Dev\Informe Diario\salida\Informe Precio Diario 22.09.2026.pdf ===
2026-09-22 14:05:46,831 | INFO     | modulos.contactos | Destinatarios (1): tbrellenthin@medhesa.es
2026-09-22 14:05:46,990 | INFO     | modulos.enviar_correo | Imágenes de la firma (1): image001.jpg
2026-09-22 14:05:47,080 | INFO     | modulos.enviar_correo | Enviado a tbrellenthin@medhesa.es
2026-09-22 14:05:47,103 | INFO     | informe | Informe enviado a 1 destinatarios
2026-09-22 14:05:47,159 | INFO     | choreographer.utils._tmpfile | TemporaryDirectory.cleanup() worked.
2026-09-22 14:05:47,159 | INFO     | choreographer.utils._tmpfile | shutil.rmtree worked.
2026-09-22 14:05:47,159 | INFO     | choreographer.utils._tmpfile | TemporaryDirectory.cleanup() worked.
2026-09-22 14:05:47,160 | INFO     | choreographer.utils._tmpfile | shutil.rmtree worked.
2026-09-22 17:02:19,804 | INFO     | informe | Log de ejecución: C:\Users\PC41\Desktop\Dev\Informe Diario\salida\generar_informe.log
2026-09-22 17:02:19,812 | INFO     | modulos.cargar_historicos | Ya existe historico_omip_electricidad.csv, se omite importacion de electricidad
2026-09-22 17:02:19,812 | INFO     | modulos.cargar_historicos | Ya existe historico_omip_gas.csv, se omite importacion de gas
2026-09-22 17:02:19,812 | INFO     | modulos.cargar_historicos | Ya existe historico_mibgas.csv, se omite importación de MIBGAS historico
2026-09-22 17:02:19,812 | INFO     | informe | === Fecha de informe: 2026-09-22 00:00:00 (entrega mañana: 2026-09-23 00:00:00) ===
2026-09-22 17:02:19,839 | INFO     | modulos.descargar_omie | OMIE ya tiene datos para 2026-09-23
2026-09-22 17:02:19,846 | INFO     | modulos.descargar_mibgas | Descargando MIBGAS anual 2026 (https://www.mibgas.es/en/file-access/MIBGAS_Data_2026.xlsx?path=AGNO_2026/XLS)
2026-09-22 17:02:31,394 | INFO     | modulos.descargar_mibgas | MIBGAS actualizado: 2495 filas (2026)
2026-09-22 17:02:31,397 | INFO     | informe | Precio medio OMIE mañana (2026-09-23 00:00:00): 158.88
2026-09-22 17:02:31,400 | INFO     | informe | Precio MIBGAS mañana (2026-09-23): 75.53
2026-09-22 17:02:32,029 | INFO     | choreographer.browsers.chromium | Chromium init'ed with kwargs {}
2026-09-22 17:02:32,046 | INFO     | choreographer.browsers.chromium | Found chromium path: C:\Program Files (x86)\Google\Chrome\Application\chrome.exe
2026-09-22 17:02:32,048 | INFO     | choreographer.utils._tmpfile | Temp directory created: C:\Users\PC41\AppData\Local\Temp\tmp6rh0o0n0.
2026-09-22 17:02:32,049 | INFO     | choreographer.browser_async | Opening browser.
2026-09-22 17:02:32,052 | INFO     | choreographer.utils._tmpfile | Temp directory created: C:\Users\PC41\AppData\Local\Temp\tmps3_lggqm.
2026-09-22 17:02:32,052 | INFO     | choreographer.browsers.chromium | Temporary directory at: C:\Users\PC41\AppData\Local\Temp\tmps3_lggqm
2026-09-22 17:02:32,520 | INFO     | kaleido.kaleido | Conforming 1 to file:///C:/Users/PC41/AppData/Local/Temp/tmp6rh0o0n0/index.html
2026-09-22 17:02:34,653 | INFO     | kaleido.kaleido | Getting tab from queue (has 1)
2026-09-22 17:02:34,653 | INFO     | kaleido.kaleido | Got 459B
2026-09-22 17:02:35,023 | INFO     | kaleido.kaleido | Reloading tab 459B before return.
2026-09-22 17:02:35,238 | INFO     | kaleido.kaleido | Putting tab 459B back (queue size: 0).
2026-09-22 17:02:35,239 | INFO     | kaleido.kaleido | Waiting for all cleanups to finish.
2026-09-22 17:02:35,239 | INFO     | kaleido.kaleido | Exiting Kaleido.
2026-09-22 17:02:35,240 | INFO     | choreographer.utils._tmpfile | TemporaryDirectory.cleanup() worked.
2026-09-22 17:02:35,241 | INFO     | choreographer.utils._tmpfile | shutil.rmtree worked.
2026-09-22 17:02:35,241 | INFO     | choreographer.browser_async | Closing browser.
2026-09-22 17:02:35,313 | INFO     | choreographer.utils._tmpfile | TemporaryDirectory.cleanup() worked.
2026-09-22 17:02:35,317 | INFO     | choreographer.utils._tmpfile | shutil.rmtree worked.
2026-09-22 17:02:35,318 | INFO     | choreographer.browser_async | Closing browser.
2026-09-22 17:02:35,318 | INFO     | kaleido.kaleido | Cancelling tasks.
2026-09-22 17:02:35,318 | INFO     | kaleido.kaleido | Exiting Kaleido/Choreo.
2026-09-22 17:02:35,562 | INFO     | choreographer.utils._tmpfile | TemporaryDirectory.cleanup() worked.
2026-09-22 17:02:35,562 | INFO     | choreographer.utils._tmpfile | shutil.rmtree worked.
2026-09-22 17:02:35,563 | INFO     | kaleido.kaleido | Cancelling tasks.
2026-09-22 17:02:35,563 | INFO     | kaleido.kaleido | Exiting Kaleido/Choreo.
2026-09-22 17:02:35,565 | INFO     | modulos.graficos | Grafico generado: C:\Users\PC41\Desktop\Dev\Informe Diario\informe_precios\datos\grafico_horario_omie.png
2026-09-22 17:02:35,652 | INFO     | choreographer.browsers.chromium | Chromium init'ed with kwargs {}
2026-09-22 17:02:35,653 | INFO     | choreographer.browsers.chromium | Found chromium path: C:\Program Files (x86)\Google\Chrome\Application\chrome.exe
2026-09-22 17:02:35,656 | INFO     | choreographer.utils._tmpfile | Temp directory created: C:\Users\PC41\AppData\Local\Temp\tmpndi9uy8c.
2026-09-22 17:02:35,657 | INFO     | choreographer.browser_async | Opening browser.
2026-09-22 17:02:35,663 | INFO     | choreographer.utils._tmpfile | Temp directory created: C:\Users\PC41\AppData\Local\Temp\tmpqrh21g1f.
2026-09-22 17:02:35,663 | INFO     | choreographer.browsers.chromium | Temporary directory at: C:\Users\PC41\AppData\Local\Temp\tmpqrh21g1f
2026-09-22 17:02:36,747 | INFO     | kaleido.kaleido | Conforming 1 to file:///C:/Users/PC41/AppData/Local/Temp/tmpndi9uy8c/index.html
2026-09-22 17:02:38,558 | INFO     | kaleido.kaleido | Getting tab from queue (has 1)
2026-09-22 17:02:38,559 | INFO     | kaleido.kaleido | Got 2D1E
2026-09-22 17:02:38,740 | INFO     | kaleido.kaleido | Reloading tab 2D1E before return.
2026-09-22 17:02:38,929 | INFO     | kaleido.kaleido | Putting tab 2D1E back (queue size: 0).
2026-09-22 17:02:38,929 | INFO     | kaleido.kaleido | Waiting for all cleanups to finish.
2026-09-22 17:02:38,929 | INFO     | kaleido.kaleido | Exiting Kaleido.
2026-09-22 17:02:38,930 | INFO     | choreographer.utils._tmpfile | TemporaryDirectory.cleanup() worked.
2026-09-22 17:02:38,930 | INFO     | choreographer.utils._tmpfile | shutil.rmtree worked.
2026-09-22 17:02:38,930 | INFO     | choreographer.browser_async | Closing browser.
2026-09-22 17:02:39,008 | INFO     | choreographer.utils._tmpfile | TemporaryDirectory.cleanup() worked.
2026-09-22 17:02:39,009 | INFO     | choreographer.utils._tmpfile | shutil.rmtree worked.
2026-09-22 17:02:39,011 | INFO     | choreographer.browser_async | Closing browser.
2026-09-22 17:02:39,011 | INFO     | kaleido.kaleido | Cancelling tasks.
2026-09-22 17:02:39,011 | INFO     | kaleido.kaleido | Exiting Kaleido/Choreo.
2026-09-22 17:02:39,256 | INFO     | choreographer.utils._tmpfile | TemporaryDirectory.cleanup() worked.
2026-09-22 17:02:39,256 | INFO     | choreographer.utils._tmpfile | shutil.rmtree worked.
2026-09-22 17:02:39,257 | INFO     | kaleido.kaleido | Cancelling tasks.
2026-09-22 17:02:39,257 | INFO     | kaleido.kaleido | Exiting Kaleido/Choreo.
2026-09-22 17:02:39,258 | INFO     | modulos.graficos | Grafico generado: C:\Users\PC41\Desktop\Dev\Informe Diario\informe_precios\datos\evol_elec_0.png
2026-09-22 17:02:39,263 | INFO     | choreographer.utils._tmpfile | TemporaryDirectory.cleanup() worked.
2026-09-22 17:02:39,263 | INFO     | choreographer.utils._tmpfile | shutil.rmtree worked.
2026-09-22 17:02:39,283 | INFO     | choreographer.browsers.chromium | Chromium init'ed with kwargs {}
2026-09-22 17:02:39,283 | INFO     | choreographer.browsers.chromium | Found chromium path: C:\Program Files (x86)\Google\Chrome\Application\chrome.exe
2026-09-22 17:02:39,284 | INFO     | choreographer.utils._tmpfile | Temp directory created: C:\Users\PC41\AppData\Local\Temp\tmp889qrhcv.
2026-09-22 17:02:39,284 | INFO     | choreographer.browser_async | Opening browser.
2026-09-22 17:02:39,290 | INFO     | choreographer.utils._tmpfile | Temp directory created: C:\Users\PC41\AppData\Local\Temp\tmpwgom82xt.
2026-09-22 17:02:39,291 | INFO     | choreographer.browsers.chromium | Temporary directory at: C:\Users\PC41\AppData\Local\Temp\tmpwgom82xt
2026-09-22 17:02:39,948 | INFO     | kaleido.kaleido | Conforming 1 to file:///C:/Users/PC41/AppData/Local/Temp/tmp889qrhcv/index.html
2026-09-22 17:02:41,769 | INFO     | kaleido.kaleido | Getting tab from queue (has 1)
2026-09-22 17:02:41,769 | INFO     | kaleido.kaleido | Got 554F
2026-09-22 17:02:41,916 | INFO     | kaleido.kaleido | Reloading tab 554F before return.
2026-09-22 17:02:42,066 | INFO     | kaleido.kaleido | Putting tab 554F back (queue size: 0).
2026-09-22 17:02:42,067 | INFO     | kaleido.kaleido | Waiting for all cleanups to finish.
2026-09-22 17:02:42,067 | INFO     | kaleido.kaleido | Exiting Kaleido.
2026-09-22 17:02:42,068 | INFO     | choreographer.utils._tmpfile | TemporaryDirectory.cleanup() worked.
2026-09-22 17:02:42,068 | INFO     | choreographer.utils._tmpfile | shutil.rmtree worked.
2026-09-22 17:02:42,069 | INFO     | choreographer.browser_async | Closing browser.
2026-09-22 17:02:42,145 | INFO     | choreographer.utils._tmpfile | TemporaryDirectory.cleanup() worked.
2026-09-22 17:02:42,146 | INFO     | choreographer.utils._tmpfile | shutil.rmtree worked.
2026-09-22 17:02:42,146 | INFO     | choreographer.browser_async | Closing browser.
2026-09-22 17:02:42,146 | INFO     | kaleido.kaleido | Cancelling tasks.
2026-09-22 17:02:42,146 | INFO     | kaleido.kaleido | Exiting Kaleido/Choreo.
2026-09-22 17:02:42,373 | INFO     | choreographer.utils._tmpfile | TemporaryDirectory.cleanup() worked.
2026-09-22 17:02:42,374 | INFO     | choreographer.utils._tmpfile | shutil.rmtree worked.
2026-09-22 17:02:42,374 | INFO     | kaleido.kaleido | Cancelling tasks.
2026-09-22 17:02:42,374 | INFO     | kaleido.kaleido | Exiting Kaleido/Choreo.
2026-09-22 17:02:42,376 | INFO     | modulos.graficos | Grafico generado: C:\Users\PC41\Desktop\Dev\Informe Diario\informe_precios\datos\evol_elec_1.png
2026-09-22 17:02:42,391 | INFO     | choreographer.utils._tmpfile | TemporaryDirectory.cleanup() worked.
2026-09-22 17:02:42,392 | INFO     | choreographer.utils._tmpfile | shutil.rmtree worked.
2026-09-22 17:02:42,401 | INFO     | choreographer.browsers.chromium | Chromium init'ed with kwargs {}
2026-09-22 17:02:42,402 | INFO     | choreographer.browsers.chromium | Found chromium path: C:\Program Files (x86)\Google\Chrome\Application\chrome.exe
2026-09-22 17:02:42,402 | INFO     | choreographer.utils._tmpfile | Temp directory created: C:\Users\PC41\AppData\Local\Temp\tmpao9owk47.
2026-09-22 17:02:42,403 | INFO     | choreographer.browser_async | Opening browser.
2026-09-22 17:02:42,404 | INFO     | choreographer.utils._tmpfile | Temp directory created: C:\Users\PC41\AppData\Local\Temp\tmpu90rzy86.
2026-09-22 17:02:42,404 | INFO     | choreographer.browsers.chromium | Temporary directory at: C:\Users\PC41\AppData\Local\Temp\tmpu90rzy86
2026-09-22 17:02:42,803 | INFO     | kaleido.kaleido | Conforming 1 to file:///C:/Users/PC41/AppData/Local/Temp/tmpao9owk47/index.html
2026-09-22 17:02:44,408 | INFO     | kaleido.kaleido | Getting tab from queue (has 1)
2026-09-22 17:02:44,408 | INFO     | kaleido.kaleido | Got 3D19
2026-09-22 17:02:44,569 | INFO     | kaleido.kaleido | Reloading tab 3D19 before return.
2026-09-22 17:02:44,840 | INFO     | kaleido.kaleido | Putting tab 3D19 back (queue size: 0).
2026-09-22 17:02:44,840 | INFO     | kaleido.kaleido | Waiting for all cleanups to finish.
2026-09-22 17:02:44,840 | INFO     | kaleido.kaleido | Exiting Kaleido.
2026-09-22 17:02:44,841 | INFO     | choreographer.utils._tmpfile | TemporaryDirectory.cleanup() worked.
2026-09-22 17:02:44,842 | INFO     | choreographer.utils._tmpfile | shutil.rmtree worked.
2026-09-22 17:02:44,842 | INFO     | choreographer.browser_async | Closing browser.
2026-09-22 17:02:44,957 | INFO     | choreographer.utils._tmpfile | TemporaryDirectory.cleanup() worked.
2026-09-22 17:02:44,958 | INFO     | choreographer.utils._tmpfile | shutil.rmtree worked.
2026-09-22 17:02:44,958 | INFO     | choreographer.browser_async | Closing browser.
2026-09-22 17:02:44,958 | INFO     | kaleido.kaleido | Cancelling tasks.
2026-09-22 17:02:44,958 | INFO     | kaleido.kaleido | Exiting Kaleido/Choreo.
2026-09-22 17:02:45,209 | INFO     | choreographer.utils._tmpfile | TemporaryDirectory.cleanup() worked.
2026-09-22 17:02:45,210 | INFO     | choreographer.utils._tmpfile | shutil.rmtree worked.
2026-09-22 17:02:45,210 | INFO     | kaleido.kaleido | Cancelling tasks.
2026-09-22 17:02:45,212 | INFO     | kaleido.kaleido | Exiting Kaleido/Choreo.
2026-09-22 17:02:45,214 | INFO     | modulos.graficos | Grafico generado: C:\Users\PC41\Desktop\Dev\Informe Diario\informe_precios\datos\evol_elec_2.png
2026-09-22 17:02:45,246 | INFO     | choreographer.utils._tmpfile | TemporaryDirectory.cleanup() worked.
2026-09-22 17:02:45,246 | INFO     | choreographer.utils._tmpfile | shutil.rmtree worked.
2026-09-22 17:02:45,247 | INFO     | choreographer.utils._tmpfile | TemporaryDirectory.cleanup() worked.
2026-09-22 17:02:45,247 | INFO     | choreographer.utils._tmpfile | shutil.rmtree worked.
2026-09-22 17:02:45,285 | INFO     | choreographer.browsers.chromium | Chromium init'ed with kwargs {}
2026-09-22 17:02:45,286 | INFO     | choreographer.browsers.chromium | Found chromium path: C:\Program Files (x86)\Google\Chrome\Application\chrome.exe
2026-09-22 17:02:45,287 | INFO     | choreographer.utils._tmpfile | Temp directory created: C:\Users\PC41\AppData\Local\Temp\tmpjs7gyaav.
2026-09-22 17:02:45,288 | INFO     | choreographer.browser_async | Opening browser.
2026-09-22 17:02:45,295 | INFO     | choreographer.utils._tmpfile | Temp directory created: C:\Users\PC41\AppData\Local\Temp\tmp4y3xstdo.
2026-09-22 17:02:45,296 | INFO     | choreographer.browsers.chromium | Temporary directory at: C:\Users\PC41\AppData\Local\Temp\tmp4y3xstdo
2026-09-22 17:02:45,932 | INFO     | kaleido.kaleido | Conforming 1 to file:///C:/Users/PC41/AppData/Local/Temp/tmpjs7gyaav/index.html
2026-09-22 17:02:47,589 | INFO     | kaleido.kaleido | Getting tab from queue (has 1)
2026-09-22 17:02:47,589 | INFO     | kaleido.kaleido | Got 9B94
2026-09-22 17:02:47,790 | INFO     | kaleido.kaleido | Reloading tab 9B94 before return.
2026-09-22 17:02:47,958 | INFO     | kaleido.kaleido | Putting tab 9B94 back (queue size: 0).
2026-09-22 17:02:47,959 | INFO     | kaleido.kaleido | Waiting for all cleanups to finish.
2026-09-22 17:02:47,959 | INFO     | kaleido.kaleido | Exiting Kaleido.
2026-09-22 17:02:47,960 | INFO     | choreographer.utils._tmpfile | TemporaryDirectory.cleanup() worked.
2026-09-22 17:02:47,960 | INFO     | choreographer.utils._tmpfile | shutil.rmtree worked.
2026-09-22 17:02:47,960 | INFO     | choreographer.browser_async | Closing browser.
2026-09-22 17:02:48,034 | INFO     | choreographer.utils._tmpfile | TemporaryDirectory.cleanup() worked.
2026-09-22 17:02:48,035 | INFO     | choreographer.utils._tmpfile | shutil.rmtree worked.
2026-09-22 17:02:48,035 | INFO     | choreographer.browser_async | Closing browser.
2026-09-22 17:02:48,035 | INFO     | kaleido.kaleido | Cancelling tasks.
2026-09-22 17:02:48,035 | INFO     | kaleido.kaleido | Exiting Kaleido/Choreo.
2026-09-22 17:02:48,186 | INFO     | choreographer.utils._tmpfile | TemporaryDirectory.cleanup() worked.
2026-09-22 17:02:48,186 | INFO     | choreographer.utils._tmpfile | shutil.rmtree worked.
2026-09-22 17:02:48,186 | INFO     | kaleido.kaleido | Cancelling tasks.
2026-09-22 17:02:48,187 | INFO     | kaleido.kaleido | Exiting Kaleido/Choreo.
2026-09-22 17:02:48,188 | INFO     | modulos.graficos | Grafico generado: C:\Users\PC41\Desktop\Dev\Informe Diario\informe_precios\datos\evol_elec_3.png
2026-09-22 17:02:48,197 | INFO     | choreographer.utils._tmpfile | TemporaryDirectory.cleanup() worked.
2026-09-22 17:02:48,197 | INFO     | choreographer.utils._tmpfile | shutil.rmtree worked.
2026-09-22 17:02:48,215 | INFO     | choreographer.browsers.chromium | Chromium init'ed with kwargs {}
2026-09-22 17:02:48,216 | INFO     | choreographer.browsers.chromium | Found chromium path: C:\Program Files (x86)\Google\Chrome\Application\chrome.exe
2026-09-22 17:02:48,216 | INFO     | choreographer.utils._tmpfile | Temp directory created: C:\Users\PC41\AppData\Local\Temp\tmpscxw9l67.
2026-09-22 17:02:48,217 | INFO     | choreographer.browser_async | Opening browser.
2026-09-22 17:02:48,219 | INFO     | choreographer.utils._tmpfile | Temp directory created: C:\Users\PC41\AppData\Local\Temp\tmpjizmvdal.
2026-09-22 17:02:48,219 | INFO     | choreographer.browsers.chromium | Temporary directory at: C:\Users\PC41\AppData\Local\Temp\tmpjizmvdal
2026-09-22 17:02:48,976 | INFO     | kaleido.kaleido | Conforming 1 to file:///C:/Users/PC41/AppData/Local/Temp/tmpscxw9l67/index.html
2026-09-22 17:02:50,481 | INFO     | kaleido.kaleido | Getting tab from queue (has 1)
2026-09-22 17:02:50,481 | INFO     | kaleido.kaleido | Got E9AA
2026-09-22 17:02:50,663 | INFO     | kaleido.kaleido | Reloading tab E9AA before return.
2026-09-22 17:02:50,828 | INFO     | kaleido.kaleido | Putting tab E9AA back (queue size: 0).
2026-09-22 17:02:50,829 | INFO     | kaleido.kaleido | Waiting for all cleanups to finish.
2026-09-22 17:02:50,829 | INFO     | kaleido.kaleido | Exiting Kaleido.
2026-09-22 17:02:50,830 | INFO     | choreographer.utils._tmpfile | TemporaryDirectory.cleanup() worked.
2026-09-22 17:02:50,830 | INFO     | choreographer.utils._tmpfile | shutil.rmtree worked.
2026-09-22 17:02:50,830 | INFO     | choreographer.browser_async | Closing browser.
2026-09-22 17:02:50,899 | INFO     | choreographer.utils._tmpfile | TemporaryDirectory.cleanup() worked.
2026-09-22 17:02:50,900 | INFO     | choreographer.utils._tmpfile | shutil.rmtree worked.
2026-09-22 17:02:50,900 | INFO     | choreographer.browser_async | Closing browser.
2026-09-22 17:02:50,900 | INFO     | kaleido.kaleido | Cancelling tasks.
2026-09-22 17:02:50,900 | INFO     | kaleido.kaleido | Exiting Kaleido/Choreo.
2026-09-22 17:02:51,048 | INFO     | choreographer.utils._tmpfile | TemporaryDirectory.cleanup() worked.
2026-09-22 17:02:51,048 | INFO     | choreographer.utils._tmpfile | shutil.rmtree worked.
2026-09-22 17:02:51,049 | INFO     | kaleido.kaleido | Cancelling tasks.
2026-09-22 17:02:51,049 | INFO     | kaleido.kaleido | Exiting Kaleido/Choreo.
2026-09-22 17:02:51,051 | INFO     | modulos.graficos | Grafico generado: C:\Users\PC41\Desktop\Dev\Informe Diario\informe_precios\datos\evol_gas_0.png
2026-09-22 17:02:51,069 | INFO     | choreographer.utils._tmpfile | TemporaryDirectory.cleanup() worked.
2026-09-22 17:02:51,069 | INFO     | choreographer.utils._tmpfile | shutil.rmtree worked.
2026-09-22 17:02:51,079 | INFO     | choreographer.browsers.chromium | Chromium init'ed with kwargs {}
2026-09-22 17:02:51,080 | INFO     | choreographer.browsers.chromium | Found chromium path: C:\Program Files (x86)\Google\Chrome\Application\chrome.exe
2026-09-22 17:02:51,081 | INFO     | choreographer.utils._tmpfile | Temp directory created: C:\Users\PC41\AppData\Local\Temp\tmp7bdd68pf.
2026-09-22 17:02:51,083 | INFO     | choreographer.browser_async | Opening browser.
2026-09-22 17:02:51,085 | INFO     | choreographer.utils._tmpfile | Temp directory created: C:\Users\PC41\AppData\Local\Temp\tmp7q4drhdr.
2026-09-22 17:02:51,085 | INFO     | choreographer.browsers.chromium | Temporary directory at: C:\Users\PC41\AppData\Local\Temp\tmp7q4drhdr
2026-09-22 17:02:51,745 | INFO     | kaleido.kaleido | Conforming 1 to file:///C:/Users/PC41/AppData/Local/Temp/tmp7bdd68pf/index.html
2026-09-22 17:02:53,447 | INFO     | kaleido.kaleido | Getting tab from queue (has 1)
2026-09-22 17:02:53,447 | INFO     | kaleido.kaleido | Got 4CE5
2026-09-22 17:02:53,611 | INFO     | kaleido.kaleido | Reloading tab 4CE5 before return.
2026-09-22 17:02:53,765 | INFO     | kaleido.kaleido | Putting tab 4CE5 back (queue size: 0).
2026-09-22 17:02:53,766 | INFO     | kaleido.kaleido | Waiting for all cleanups to finish.
2026-09-22 17:02:53,766 | INFO     | kaleido.kaleido | Exiting Kaleido.
2026-09-22 17:02:53,766 | INFO     | choreographer.utils._tmpfile | TemporaryDirectory.cleanup() worked.
2026-09-22 17:02:53,767 | INFO     | choreographer.utils._tmpfile | shutil.rmtree worked.
2026-09-22 17:02:53,767 | INFO     | choreographer.browser_async | Closing browser.
2026-09-22 17:02:53,840 | INFO     | choreographer.utils._tmpfile | TemporaryDirectory.cleanup() worked.
2026-09-22 17:02:53,841 | INFO     | choreographer.utils._tmpfile | shutil.rmtree worked.
2026-09-22 17:02:53,841 | INFO     | choreographer.browser_async | Closing browser.
2026-09-22 17:02:53,841 | INFO     | kaleido.kaleido | Cancelling tasks.
2026-09-22 17:02:53,841 | INFO     | kaleido.kaleido | Exiting Kaleido/Choreo.
2026-09-22 17:02:54,004 | INFO     | choreographer.utils._tmpfile | TemporaryDirectory.cleanup() worked.
2026-09-22 17:02:54,005 | INFO     | choreographer.utils._tmpfile | shutil.rmtree worked.
2026-09-22 17:02:54,005 | INFO     | kaleido.kaleido | Cancelling tasks.
2026-09-22 17:02:54,005 | INFO     | kaleido.kaleido | Exiting Kaleido/Choreo.
2026-09-22 17:02:54,006 | INFO     | modulos.graficos | Grafico generado: C:\Users\PC41\Desktop\Dev\Informe Diario\informe_precios\datos\evol_gas_1.png
2026-09-22 17:02:54,034 | INFO     | choreographer.browsers.chromium | Chromium init'ed with kwargs {}
2026-09-22 17:02:54,035 | INFO     | choreographer.browsers.chromium | Found chromium path: C:\Program Files (x86)\Google\Chrome\Application\chrome.exe
2026-09-22 17:02:54,035 | INFO     | choreographer.utils._tmpfile | Temp directory created: C:\Users\PC41\AppData\Local\Temp\tmpferdk9sy.
2026-09-22 17:02:54,036 | INFO     | choreographer.browser_async | Opening browser.
2026-09-22 17:02:54,037 | INFO     | choreographer.utils._tmpfile | Temp directory created: C:\Users\PC41\AppData\Local\Temp\tmp7vpzneoc.
2026-09-22 17:02:54,037 | INFO     | choreographer.browsers.chromium | Temporary directory at: C:\Users\PC41\AppData\Local\Temp\tmp7vpzneoc
2026-09-22 17:02:54,510 | INFO     | kaleido.kaleido | Conforming 1 to file:///C:/Users/PC41/AppData/Local/Temp/tmpferdk9sy/index.html
2026-09-22 17:02:56,659 | INFO     | kaleido.kaleido | Getting tab from queue (has 1)
2026-09-22 17:02:56,660 | INFO     | kaleido.kaleido | Got 745C
2026-09-22 17:02:56,816 | INFO     | kaleido.kaleido | Reloading tab 745C before return.
2026-09-22 17:02:57,018 | INFO     | kaleido.kaleido | Putting tab 745C back (queue size: 0).
2026-09-22 17:02:57,018 | INFO     | kaleido.kaleido | Waiting for all cleanups to finish.
2026-09-22 17:02:57,018 | INFO     | kaleido.kaleido | Exiting Kaleido.
2026-09-22 17:02:57,019 | INFO     | choreographer.utils._tmpfile | TemporaryDirectory.cleanup() worked.
2026-09-22 17:02:57,019 | INFO     | choreographer.utils._tmpfile | shutil.rmtree worked.
2026-09-22 17:02:57,020 | INFO     | choreographer.browser_async | Closing browser.
2026-09-22 17:02:57,077 | INFO     | choreographer.utils._tmpfile | TemporaryDirectory.cleanup() worked.
2026-09-22 17:02:57,078 | INFO     | choreographer.utils._tmpfile | shutil.rmtree worked.
2026-09-22 17:02:57,078 | INFO     | choreographer.browser_async | Closing browser.
2026-09-22 17:02:57,078 | INFO     | kaleido.kaleido | Cancelling tasks.
2026-09-22 17:02:57,078 | INFO     | kaleido.kaleido | Exiting Kaleido/Choreo.
2026-09-22 17:02:57,286 | INFO     | choreographer.utils._tmpfile | TemporaryDirectory.cleanup() worked.
2026-09-22 17:02:57,286 | INFO     | choreographer.utils._tmpfile | shutil.rmtree worked.
2026-09-22 17:02:57,287 | INFO     | kaleido.kaleido | Cancelling tasks.
2026-09-22 17:02:57,287 | INFO     | kaleido.kaleido | Exiting Kaleido/Choreo.
2026-09-22 17:02:57,291 | INFO     | modulos.graficos | Grafico generado: C:\Users\PC41\Desktop\Dev\Informe Diario\informe_precios\datos\evol_gas_2.png
2026-09-22 17:02:57,303 | INFO     | choreographer.utils._tmpfile | TemporaryDirectory.cleanup() worked.
2026-09-22 17:02:57,304 | INFO     | choreographer.utils._tmpfile | shutil.rmtree worked.
2026-09-22 17:02:57,330 | INFO     | choreographer.browsers.chromium | Chromium init'ed with kwargs {}
2026-09-22 17:02:57,331 | INFO     | choreographer.browsers.chromium | Found chromium path: C:\Program Files (x86)\Google\Chrome\Application\chrome.exe
2026-09-22 17:02:57,332 | INFO     | choreographer.utils._tmpfile | Temp directory created: C:\Users\PC41\AppData\Local\Temp\tmpqrezom13.
2026-09-22 17:02:57,333 | INFO     | choreographer.browser_async | Opening browser.
2026-09-22 17:02:57,335 | INFO     | choreographer.utils._tmpfile | Temp directory created: C:\Users\PC41\AppData\Local\Temp\tmptxwyegbu.
2026-09-22 17:02:57,335 | INFO     | choreographer.browsers.chromium | Temporary directory at: C:\Users\PC41\AppData\Local\Temp\tmptxwyegbu
2026-09-22 17:02:58,003 | INFO     | kaleido.kaleido | Conforming 1 to file:///C:/Users/PC41/AppData/Local/Temp/tmpqrezom13/index.html
2026-09-22 17:02:59,868 | INFO     | kaleido.kaleido | Getting tab from queue (has 1)
2026-09-22 17:02:59,869 | INFO     | kaleido.kaleido | Got 9692
2026-09-22 17:03:00,009 | INFO     | kaleido.kaleido | Reloading tab 9692 before return.
2026-09-22 17:03:00,163 | INFO     | kaleido.kaleido | Putting tab 9692 back (queue size: 0).
2026-09-22 17:03:00,163 | INFO     | kaleido.kaleido | Waiting for all cleanups to finish.
2026-09-22 17:03:00,163 | INFO     | kaleido.kaleido | Exiting Kaleido.
2026-09-22 17:03:00,165 | INFO     | choreographer.utils._tmpfile | TemporaryDirectory.cleanup() worked.
2026-09-22 17:03:00,165 | INFO     | choreographer.utils._tmpfile | shutil.rmtree worked.
2026-09-22 17:03:00,165 | INFO     | choreographer.browser_async | Closing browser.
2026-09-22 17:03:00,220 | INFO     | choreographer.utils._tmpfile | TemporaryDirectory.cleanup() worked.
2026-09-22 17:03:00,220 | INFO     | choreographer.utils._tmpfile | shutil.rmtree worked.
2026-09-22 17:03:00,220 | INFO     | choreographer.browser_async | Closing browser.
2026-09-22 17:03:00,220 | INFO     | kaleido.kaleido | Cancelling tasks.
2026-09-22 17:03:00,220 | INFO     | kaleido.kaleido | Exiting Kaleido/Choreo.
2026-09-22 17:03:00,351 | INFO     | choreographer.utils._tmpfile | TemporaryDirectory.cleanup() worked.
2026-09-22 17:03:00,352 | INFO     | choreographer.utils._tmpfile | shutil.rmtree worked.
2026-09-22 17:03:00,352 | INFO     | kaleido.kaleido | Cancelling tasks.
2026-09-22 17:03:00,352 | INFO     | kaleido.kaleido | Exiting Kaleido/Choreo.
2026-09-22 17:03:00,353 | INFO     | modulos.graficos | Grafico generado: C:\Users\PC41\Desktop\Dev\Informe Diario\informe_precios\datos\evol_gas_3.png
2026-09-22 17:03:00,370 | INFO     | choreographer.utils._tmpfile | TemporaryDirectory.cleanup() worked.
2026-09-22 17:03:00,371 | INFO     | choreographer.utils._tmpfile | shutil.rmtree worked.
2026-09-22 17:03:00,381 | INFO     | choreographer.browsers.chromium | Chromium init'ed with kwargs {}
2026-09-22 17:03:00,381 | INFO     | choreographer.browsers.chromium | Found chromium path: C:\Program Files (x86)\Google\Chrome\Application\chrome.exe
2026-09-22 17:03:00,381 | INFO     | choreographer.utils._tmpfile | Temp directory created: C:\Users\PC41\AppData\Local\Temp\tmpvc5phsde.
2026-09-22 17:03:00,382 | INFO     | choreographer.browser_async | Opening browser.
2026-09-22 17:03:00,383 | INFO     | choreographer.utils._tmpfile | Temp directory created: C:\Users\PC41\AppData\Local\Temp\tmpmgn9rkxa.
2026-09-22 17:03:00,383 | INFO     | choreographer.browsers.chromium | Temporary directory at: C:\Users\PC41\AppData\Local\Temp\tmpmgn9rkxa
2026-09-22 17:03:02,277 | INFO     | kaleido.kaleido | Conforming 1 to file:///C:/Users/PC41/AppData/Local/Temp/tmpvc5phsde/index.html
2026-09-22 17:03:03,939 | INFO     | kaleido.kaleido | Getting tab from queue (has 1)
2026-09-22 17:03:03,939 | INFO     | kaleido.kaleido | Got A131
2026-09-22 17:03:04,172 | INFO     | kaleido.kaleido | Reloading tab A131 before return.
2026-09-22 17:03:04,331 | INFO     | kaleido.kaleido | Putting tab A131 back (queue size: 0).
2026-09-22 17:03:04,331 | INFO     | kaleido.kaleido | Waiting for all cleanups to finish.
2026-09-22 17:03:04,332 | INFO     | kaleido.kaleido | Exiting Kaleido.
2026-09-22 17:03:04,333 | INFO     | choreographer.utils._tmpfile | TemporaryDirectory.cleanup() worked.
2026-09-22 17:03:04,333 | INFO     | choreographer.utils._tmpfile | shutil.rmtree worked.
2026-09-22 17:03:04,333 | INFO     | choreographer.browser_async | Closing browser.
2026-09-22 17:03:04,401 | INFO     | choreographer.utils._tmpfile | TemporaryDirectory.cleanup() worked.
2026-09-22 17:03:04,402 | INFO     | choreographer.utils._tmpfile | shutil.rmtree worked.
2026-09-22 17:03:04,402 | INFO     | choreographer.browser_async | Closing browser.
2026-09-22 17:03:04,402 | INFO     | kaleido.kaleido | Cancelling tasks.
2026-09-22 17:03:04,402 | INFO     | kaleido.kaleido | Exiting Kaleido/Choreo.
2026-09-22 17:03:04,559 | INFO     | choreographer.utils._tmpfile | TemporaryDirectory.cleanup() worked.
2026-09-22 17:03:04,559 | INFO     | choreographer.utils._tmpfile | shutil.rmtree worked.
2026-09-22 17:03:04,559 | INFO     | kaleido.kaleido | Cancelling tasks.
2026-09-22 17:03:04,559 | INFO     | kaleido.kaleido | Exiting Kaleido/Choreo.
2026-09-22 17:03:04,561 | INFO     | modulos.graficos | Grafico generado: C:\Users\PC41\Desktop\Dev\Informe Diario\informe_precios\datos\evol_mibgas.png
2026-09-22 17:03:04,567 | INFO     | choreographer.utils._tmpfile | TemporaryDirectory.cleanup() worked.
2026-09-22 17:03:04,567 | INFO     | choreographer.utils._tmpfile | shutil.rmtree worked.
2026-09-22 17:03:05,907 | INFO     | choreographer.utils._tmpfile | TemporaryDirectory.cleanup() worked.
2026-09-22 17:03:05,908 | INFO     | choreographer.utils._tmpfile | shutil.rmtree worked.
2026-09-22 17:25:06,325 | INFO     | informe | Log de ejecución: C:\Users\PC41\Desktop\Dev\Informe Diario\salida\generar_informe.log
2026-09-22 17:25:06,330 | INFO     | modulos.cargar_historicos | Ya existe historico_omip_electricidad.csv, se omite importacion de electricidad
2026-09-22 17:25:06,330 | INFO     | modulos.cargar_historicos | Ya existe historico_omip_gas.csv, se omite importacion de gas
2026-09-22 17:25:06,330 | INFO     | modulos.cargar_historicos | Ya existe historico_mibgas.csv, se omite importación de MIBGAS historico
2026-09-22 17:25:06,330 | INFO     | informe | === Fecha de informe: 2026-09-22 00:00:00 (entrega mañana: 2026-09-23 00:00:00) ===
2026-09-22 17:25:06,357 | INFO     | modulos.descargar_omie | OMIE ya tiene datos para 2026-09-23
2026-09-22 17:25:06,362 | INFO     | modulos.descargar_mibgas | Descargando MIBGAS anual 2026 (https://www.mibgas.es/en/file-access/MIBGAS_Data_2026.xlsx?path=AGNO_2026/XLS)
2026-09-22 17:25:13,684 | INFO     | modulos.descargar_mibgas | MIBGAS actualizado: 2495 filas (2026)
2026-09-22 17:25:13,686 | INFO     | informe | Precio medio OMIE mañana (2026-09-23 00:00:00): 158.88
2026-09-22 17:25:13,689 | INFO     | informe | Precio MIBGAS mañana (2026-09-23): 75.53
2026-09-22 17:25:14,198 | INFO     | choreographer.browsers.chromium | Chromium init'ed with kwargs {}
2026-09-22 17:25:14,212 | INFO     | choreographer.browsers.chromium | Found chromium path: C:\Program Files (x86)\Google\Chrome\Application\chrome.exe
2026-09-22 17:25:14,214 | INFO     | choreographer.utils._tmpfile | Temp directory created: C:\Users\PC41\AppData\Local\Temp\tmpa87w6b55.
2026-09-22 17:25:14,214 | INFO     | choreographer.browser_async | Opening browser.
2026-09-22 17:25:14,215 | INFO     | choreographer.utils._tmpfile | Temp directory created: C:\Users\PC41\AppData\Local\Temp\tmpbr7tr5uz.
2026-09-22 17:25:14,215 | INFO     | choreographer.browsers.chromium | Temporary directory at: C:\Users\PC41\AppData\Local\Temp\tmpbr7tr5uz
2026-09-22 17:25:16,550 | INFO     | kaleido.kaleido | Conforming 1 to file:///C:/Users/PC41/AppData/Local/Temp/tmpa87w6b55/index.html
2026-09-22 17:25:17,946 | INFO     | kaleido.kaleido | Getting tab from queue (has 1)
2026-09-22 17:25:17,946 | INFO     | kaleido.kaleido | Got D875
2026-09-22 17:25:18,149 | INFO     | kaleido.kaleido | Reloading tab D875 before return.
2026-09-22 17:25:18,285 | INFO     | kaleido.kaleido | Putting tab D875 back (queue size: 0).
2026-09-22 17:25:18,285 | INFO     | kaleido.kaleido | Waiting for all cleanups to finish.
2026-09-22 17:25:18,285 | INFO     | kaleido.kaleido | Exiting Kaleido.
2026-09-22 17:25:18,286 | INFO     | choreographer.utils._tmpfile | TemporaryDirectory.cleanup() worked.
2026-09-22 17:25:18,287 | INFO     | choreographer.utils._tmpfile | shutil.rmtree worked.
2026-09-22 17:25:18,287 | INFO     | choreographer.browser_async | Closing browser.
2026-09-22 17:25:18,340 | INFO     | choreographer.utils._tmpfile | TemporaryDirectory.cleanup() worked.
2026-09-22 17:25:18,341 | INFO     | choreographer.utils._tmpfile | shutil.rmtree worked.
2026-09-22 17:25:18,341 | INFO     | choreographer.browser_async | Closing browser.
2026-09-22 17:25:18,341 | INFO     | kaleido.kaleido | Cancelling tasks.
2026-09-22 17:25:18,341 | INFO     | kaleido.kaleido | Exiting Kaleido/Choreo.
2026-09-22 17:25:18,552 | INFO     | choreographer.utils._tmpfile | TemporaryDirectory.cleanup() worked.
2026-09-22 17:25:18,552 | INFO     | choreographer.utils._tmpfile | shutil.rmtree worked.
2026-09-22 17:25:18,552 | INFO     | kaleido.kaleido | Cancelling tasks.
2026-09-22 17:25:18,552 | INFO     | kaleido.kaleido | Exiting Kaleido/Choreo.
2026-09-22 17:25:18,554 | INFO     | modulos.graficos | Grafico generado: C:\Users\PC41\Desktop\Dev\Informe Diario\informe_precios\datos\grafico_horario_omie.png
2026-09-22 17:25:18,564 | INFO     | choreographer.utils._tmpfile | TemporaryDirectory.cleanup() worked.
2026-09-22 17:25:18,564 | INFO     | choreographer.utils._tmpfile | shutil.rmtree worked.
2026-09-22 17:25:18,676 | INFO     | choreographer.browsers.chromium | Chromium init'ed with kwargs {}
2026-09-22 17:25:18,677 | INFO     | choreographer.browsers.chromium | Found chromium path: C:\Program Files (x86)\Google\Chrome\Application\chrome.exe
2026-09-22 17:25:18,678 | INFO     | choreographer.utils._tmpfile | Temp directory created: C:\Users\PC41\AppData\Local\Temp\tmpyhuarmg0.
2026-09-22 17:25:18,679 | INFO     | choreographer.browser_async | Opening browser.
2026-09-22 17:25:18,682 | INFO     | choreographer.utils._tmpfile | Temp directory created: C:\Users\PC41\AppData\Local\Temp\tmp1okawlwr.
2026-09-22 17:25:18,682 | INFO     | choreographer.browsers.chromium | Temporary directory at: C:\Users\PC41\AppData\Local\Temp\tmp1okawlwr
2026-09-22 17:25:19,126 | INFO     | kaleido.kaleido | Conforming 1 to file:///C:/Users/PC41/AppData/Local/Temp/tmpyhuarmg0/index.html
2026-09-22 17:25:20,600 | INFO     | kaleido.kaleido | Getting tab from queue (has 1)
2026-09-22 17:25:20,600 | INFO     | kaleido.kaleido | Got 6A6F
2026-09-22 17:25:20,739 | INFO     | kaleido.kaleido | Reloading tab 6A6F before return.
2026-09-22 17:25:20,903 | INFO     | kaleido.kaleido | Putting tab 6A6F back (queue size: 0).
2026-09-22 17:25:20,904 | INFO     | kaleido.kaleido | Waiting for all cleanups to finish.
2026-09-22 17:25:20,904 | INFO     | kaleido.kaleido | Exiting Kaleido.
2026-09-22 17:25:20,905 | INFO     | choreographer.utils._tmpfile | TemporaryDirectory.cleanup() worked.
2026-09-22 17:25:20,905 | INFO     | choreographer.utils._tmpfile | shutil.rmtree worked.
2026-09-22 17:25:20,906 | INFO     | choreographer.browser_async | Closing browser.
2026-09-22 17:25:20,977 | INFO     | choreographer.utils._tmpfile | TemporaryDirectory.cleanup() worked.
2026-09-22 17:25:20,977 | INFO     | choreographer.utils._tmpfile | shutil.rmtree worked.
2026-09-22 17:25:20,977 | INFO     | choreographer.browser_async | Closing browser.
2026-09-22 17:25:20,977 | INFO     | kaleido.kaleido | Cancelling tasks.
2026-09-22 17:25:20,977 | INFO     | kaleido.kaleido | Exiting Kaleido/Choreo.
2026-09-22 17:25:21,126 | INFO     | choreographer.utils._tmpfile | TemporaryDirectory.cleanup() worked.
2026-09-22 17:25:21,126 | INFO     | choreographer.utils._tmpfile | shutil.rmtree worked.
2026-09-22 17:25:21,126 | INFO     | kaleido.kaleido | Cancelling tasks.
2026-09-22 17:25:21,126 | INFO     | kaleido.kaleido | Exiting Kaleido/Choreo.
2026-09-22 17:25:21,128 | INFO     | modulos.graficos | Grafico generado: C:\Users\PC41\Desktop\Dev\Informe Diario\informe_precios\datos\evol_elec_0.png
2026-09-22 17:25:21,156 | INFO     | choreographer.browsers.chromium | Chromium init'ed with kwargs {}
2026-09-22 17:25:21,157 | INFO     | choreographer.browsers.chromium | Found chromium path: C:\Program Files (x86)\Google\Chrome\Application\chrome.exe
2026-09-22 17:25:21,157 | INFO     | choreographer.utils._tmpfile | Temp directory created: C:\Users\PC41\AppData\Local\Temp\tmphzqzv4lc.
2026-09-22 17:25:21,158 | INFO     | choreographer.browser_async | Opening browser.
2026-09-22 17:25:21,159 | INFO     | choreographer.utils._tmpfile | Temp directory created: C:\Users\PC41\AppData\Local\Temp\tmphwd1tkrj.
2026-09-22 17:25:21,159 | INFO     | choreographer.browsers.chromium | Temporary directory at: C:\Users\PC41\AppData\Local\Temp\tmphwd1tkrj
2026-09-22 17:25:21,562 | INFO     | kaleido.kaleido | Conforming 1 to file:///C:/Users/PC41/AppData/Local/Temp/tmphzqzv4lc/index.html
2026-09-22 17:25:23,038 | INFO     | kaleido.kaleido | Getting tab from queue (has 1)
2026-09-22 17:25:23,039 | INFO     | kaleido.kaleido | Got 3F69
2026-09-22 17:25:23,174 | INFO     | kaleido.kaleido | Reloading tab 3F69 before return.
2026-09-22 17:25:23,302 | INFO     | kaleido.kaleido | Putting tab 3F69 back (queue size: 0).
2026-09-22 17:25:23,303 | INFO     | kaleido.kaleido | Waiting for all cleanups to finish.
2026-09-22 17:25:23,303 | INFO     | kaleido.kaleido | Exiting Kaleido.
2026-09-22 17:25:23,304 | INFO     | choreographer.utils._tmpfile | TemporaryDirectory.cleanup() worked.
2026-09-22 17:25:23,304 | INFO     | choreographer.utils._tmpfile | shutil.rmtree worked.
2026-09-22 17:25:23,304 | INFO     | choreographer.browser_async | Closing browser.
2026-09-22 17:25:23,353 | INFO     | choreographer.utils._tmpfile | TemporaryDirectory.cleanup() worked.
2026-09-22 17:25:23,353 | INFO     | choreographer.utils._tmpfile | shutil.rmtree worked.
2026-09-22 17:25:23,353 | INFO     | choreographer.browser_async | Closing browser.
2026-09-22 17:25:23,353 | INFO     | kaleido.kaleido | Cancelling tasks.
2026-09-22 17:25:23,353 | INFO     | kaleido.kaleido | Exiting Kaleido/Choreo.
2026-09-22 17:25:23,500 | INFO     | choreographer.utils._tmpfile | TemporaryDirectory.cleanup() worked.
2026-09-22 17:25:23,500 | INFO     | choreographer.utils._tmpfile | shutil.rmtree worked.
2026-09-22 17:25:23,500 | INFO     | kaleido.kaleido | Cancelling tasks.
2026-09-22 17:25:23,501 | INFO     | kaleido.kaleido | Exiting Kaleido/Choreo.
2026-09-22 17:25:23,502 | INFO     | modulos.graficos | Grafico generado: C:\Users\PC41\Desktop\Dev\Informe Diario\informe_precios\datos\evol_elec_1.png
2026-09-22 17:25:23,526 | INFO     | choreographer.browsers.chromium | Chromium init'ed with kwargs {}
2026-09-22 17:25:23,527 | INFO     | choreographer.browsers.chromium | Found chromium path: C:\Program Files (x86)\Google\Chrome\Application\chrome.exe
2026-09-22 17:25:23,527 | INFO     | choreographer.utils._tmpfile | Temp directory created: C:\Users\PC41\AppData\Local\Temp\tmpws6_ayny.
2026-09-22 17:25:23,527 | INFO     | choreographer.browser_async | Opening browser.
2026-09-22 17:25:23,528 | INFO     | choreographer.utils._tmpfile | Temp directory created: C:\Users\PC41\AppData\Local\Temp\tmpd_heik89.
2026-09-22 17:25:23,528 | INFO     | choreographer.browsers.chromium | Temporary directory at: C:\Users\PC41\AppData\Local\Temp\tmpd_heik89
2026-09-22 17:25:23,923 | INFO     | kaleido.kaleido | Conforming 1 to file:///C:/Users/PC41/AppData/Local/Temp/tmpws6_ayny/index.html
2026-09-22 17:25:25,867 | INFO     | kaleido.kaleido | Getting tab from queue (has 1)
2026-09-22 17:25:25,867 | INFO     | kaleido.kaleido | Got 8EF0
2026-09-22 17:25:26,043 | INFO     | kaleido.kaleido | Reloading tab 8EF0 before return.
2026-09-22 17:25:26,200 | INFO     | kaleido.kaleido | Putting tab 8EF0 back (queue size: 0).
2026-09-22 17:25:26,201 | INFO     | kaleido.kaleido | Waiting for all cleanups to finish.
2026-09-22 17:25:26,201 | INFO     | kaleido.kaleido | Exiting Kaleido.
2026-09-22 17:25:26,202 | INFO     | choreographer.utils._tmpfile | TemporaryDirectory.cleanup() worked.
2026-09-22 17:25:26,203 | INFO     | choreographer.utils._tmpfile | shutil.rmtree worked.
2026-09-22 17:25:26,203 | INFO     | choreographer.browser_async | Closing browser.
2026-09-22 17:25:26,263 | INFO     | choreographer.utils._tmpfile | TemporaryDirectory.cleanup() worked.
2026-09-22 17:25:26,264 | INFO     | choreographer.utils._tmpfile | shutil.rmtree worked.
2026-09-22 17:25:26,264 | INFO     | choreographer.browser_async | Closing browser.
2026-09-22 17:25:26,264 | INFO     | kaleido.kaleido | Cancelling tasks.
2026-09-22 17:25:26,264 | INFO     | kaleido.kaleido | Exiting Kaleido/Choreo.
2026-09-22 17:25:26,428 | INFO     | choreographer.utils._tmpfile | TemporaryDirectory.cleanup() worked.
2026-09-22 17:25:26,428 | INFO     | choreographer.utils._tmpfile | shutil.rmtree worked.
2026-09-22 17:25:26,428 | INFO     | kaleido.kaleido | Cancelling tasks.
2026-09-22 17:25:26,429 | INFO     | kaleido.kaleido | Exiting Kaleido/Choreo.
2026-09-22 17:25:26,430 | INFO     | modulos.graficos | Grafico generado: C:\Users\PC41\Desktop\Dev\Informe Diario\informe_precios\datos\evol_elec_2.png
2026-09-22 17:25:26,435 | INFO     | choreographer.utils._tmpfile | TemporaryDirectory.cleanup() worked.
2026-09-22 17:25:26,436 | INFO     | choreographer.utils._tmpfile | shutil.rmtree worked.
2026-09-22 17:25:26,456 | INFO     | choreographer.browsers.chromium | Chromium init'ed with kwargs {}
2026-09-22 17:25:26,457 | INFO     | choreographer.browsers.chromium | Found chromium path: C:\Program Files (x86)\Google\Chrome\Application\chrome.exe
2026-09-22 17:25:26,458 | INFO     | choreographer.utils._tmpfile | Temp directory created: C:\Users\PC41\AppData\Local\Temp\tmpzc7c5l0l.
2026-09-22 17:25:26,459 | INFO     | choreographer.browser_async | Opening browser.
2026-09-22 17:25:26,460 | INFO     | choreographer.utils._tmpfile | Temp directory created: C:\Users\PC41\AppData\Local\Temp\tmpeyn07j_s.
2026-09-22 17:25:26,460 | INFO     | choreographer.browsers.chromium | Temporary directory at: C:\Users\PC41\AppData\Local\Temp\tmpeyn07j_s
2026-09-22 17:25:26,821 | INFO     | kaleido.kaleido | Conforming 1 to file:///C:/Users/PC41/AppData/Local/Temp/tmpzc7c5l0l/index.html
2026-09-22 17:25:28,210 | INFO     | kaleido.kaleido | Getting tab from queue (has 1)
2026-09-22 17:25:28,211 | INFO     | kaleido.kaleido | Got 3F3C
2026-09-22 17:25:28,349 | INFO     | kaleido.kaleido | Reloading tab 3F3C before return.
2026-09-22 17:25:28,490 | INFO     | kaleido.kaleido | Putting tab 3F3C back (queue size: 0).
2026-09-22 17:25:28,491 | INFO     | kaleido.kaleido | Waiting for all cleanups to finish.
2026-09-22 17:25:28,491 | INFO     | kaleido.kaleido | Exiting Kaleido.
2026-09-22 17:25:28,492 | INFO     | choreographer.utils._tmpfile | TemporaryDirectory.cleanup() worked.
2026-09-22 17:25:28,492 | INFO     | choreographer.utils._tmpfile | shutil.rmtree worked.
2026-09-22 17:25:28,492 | INFO     | choreographer.browser_async | Closing browser.
2026-09-22 17:25:28,553 | INFO     | choreographer.utils._tmpfile | TemporaryDirectory.cleanup() worked.
2026-09-22 17:25:28,554 | INFO     | choreographer.utils._tmpfile | shutil.rmtree worked.
2026-09-22 17:25:28,554 | INFO     | choreographer.browser_async | Closing browser.
2026-09-22 17:25:28,554 | INFO     | kaleido.kaleido | Cancelling tasks.
2026-09-22 17:25:28,554 | INFO     | kaleido.kaleido | Exiting Kaleido/Choreo.
2026-09-22 17:25:28,703 | INFO     | choreographer.utils._tmpfile | TemporaryDirectory.cleanup() worked.
2026-09-22 17:25:28,704 | INFO     | choreographer.utils._tmpfile | shutil.rmtree worked.
2026-09-22 17:25:28,704 | INFO     | kaleido.kaleido | Cancelling tasks.
2026-09-22 17:25:28,704 | INFO     | kaleido.kaleido | Exiting Kaleido/Choreo.
2026-09-22 17:25:28,754 | INFO     | modulos.graficos | Grafico generado: C:\Users\PC41\Desktop\Dev\Informe Diario\informe_precios\datos\evol_elec_3.png
2026-09-22 17:25:28,769 | INFO     | choreographer.utils._tmpfile | TemporaryDirectory.cleanup() worked.
2026-09-22 17:25:28,769 | INFO     | choreographer.utils._tmpfile | shutil.rmtree worked.
2026-09-22 17:25:28,769 | INFO     | choreographer.utils._tmpfile | TemporaryDirectory.cleanup() worked.
2026-09-22 17:25:28,770 | INFO     | choreographer.utils._tmpfile | shutil.rmtree worked.
2026-09-22 17:25:28,770 | INFO     | choreographer.utils._tmpfile | TemporaryDirectory.cleanup() worked.
2026-09-22 17:25:28,770 | INFO     | choreographer.utils._tmpfile | shutil.rmtree worked.
2026-09-22 17:25:28,780 | INFO     | choreographer.browsers.chromium | Chromium init'ed with kwargs {}
2026-09-22 17:25:28,781 | INFO     | choreographer.browsers.chromium | Found chromium path: C:\Program Files (x86)\Google\Chrome\Application\chrome.exe
2026-09-22 17:25:28,781 | INFO     | choreographer.utils._tmpfile | Temp directory created: C:\Users\PC41\AppData\Local\Temp\tmp8qhb2zd3.
2026-09-22 17:25:28,781 | INFO     | choreographer.browser_async | Opening browser.
2026-09-22 17:25:28,782 | INFO     | choreographer.utils._tmpfile | Temp directory created: C:\Users\PC41\AppData\Local\Temp\tmpl94yksbl.
2026-09-22 17:25:28,782 | INFO     | choreographer.browsers.chromium | Temporary directory at: C:\Users\PC41\AppData\Local\Temp\tmpl94yksbl
2026-09-22 17:25:29,182 | INFO     | kaleido.kaleido | Conforming 1 to file:///C:/Users/PC41/AppData/Local/Temp/tmp8qhb2zd3/index.html
2026-09-22 17:25:30,594 | INFO     | kaleido.kaleido | Getting tab from queue (has 1)
2026-09-22 17:25:30,594 | INFO     | kaleido.kaleido | Got B0CD
2026-09-22 17:25:30,766 | INFO     | kaleido.kaleido | Reloading tab B0CD before return.
2026-09-22 17:25:30,913 | INFO     | kaleido.kaleido | Putting tab B0CD back (queue size: 0).
2026-09-22 17:25:30,914 | INFO     | kaleido.kaleido | Waiting for all cleanups to finish.
2026-09-22 17:25:30,914 | INFO     | kaleido.kaleido | Exiting Kaleido.
2026-09-22 17:25:30,915 | INFO     | choreographer.utils._tmpfile | TemporaryDirectory.cleanup() worked.
2026-09-22 17:25:30,915 | INFO     | choreographer.utils._tmpfile | shutil.rmtree worked.
2026-09-22 17:25:30,915 | INFO     | choreographer.browser_async | Closing browser.
2026-09-22 17:25:30,954 | INFO     | choreographer.utils._tmpfile | TemporaryDirectory.cleanup() worked.
2026-09-22 17:25:30,954 | INFO     | choreographer.utils._tmpfile | shutil.rmtree worked.
2026-09-22 17:25:30,955 | INFO     | choreographer.browser_async | Closing browser.
2026-09-22 17:25:30,955 | INFO     | kaleido.kaleido | Cancelling tasks.
2026-09-22 17:25:30,955 | INFO     | kaleido.kaleido | Exiting Kaleido/Choreo.
2026-09-22 17:25:31,117 | INFO     | choreographer.utils._tmpfile | TemporaryDirectory.cleanup() worked.
2026-09-22 17:25:31,117 | INFO     | choreographer.utils._tmpfile | shutil.rmtree worked.
2026-09-22 17:25:31,117 | INFO     | kaleido.kaleido | Cancelling tasks.
2026-09-22 17:25:31,117 | INFO     | kaleido.kaleido | Exiting Kaleido/Choreo.
2026-09-22 17:25:31,119 | INFO     | modulos.graficos | Grafico generado: C:\Users\PC41\Desktop\Dev\Informe Diario\informe_precios\datos\evol_gas_0.png
2026-09-22 17:25:31,142 | INFO     | choreographer.browsers.chromium | Chromium init'ed with kwargs {}
2026-09-22 17:25:31,143 | INFO     | choreographer.browsers.chromium | Found chromium path: C:\Program Files (x86)\Google\Chrome\Application\chrome.exe
2026-09-22 17:25:31,143 | INFO     | choreographer.utils._tmpfile | Temp directory created: C:\Users\PC41\AppData\Local\Temp\tmpz2jb3gde.
2026-09-22 17:25:31,144 | INFO     | choreographer.browser_async | Opening browser.
2026-09-22 17:25:31,145 | INFO     | choreographer.utils._tmpfile | Temp directory created: C:\Users\PC41\AppData\Local\Temp\tmpipsyqqvw.
2026-09-22 17:25:31,145 | INFO     | choreographer.browsers.chromium | Temporary directory at: C:\Users\PC41\AppData\Local\Temp\tmpipsyqqvw
2026-09-22 17:25:31,511 | INFO     | kaleido.kaleido | Conforming 1 to file:///C:/Users/PC41/AppData/Local/Temp/tmpz2jb3gde/index.html
2026-09-22 17:25:32,825 | INFO     | kaleido.kaleido | Getting tab from queue (has 1)
2026-09-22 17:25:32,825 | INFO     | kaleido.kaleido | Got 8105
2026-09-22 17:25:32,954 | INFO     | kaleido.kaleido | Reloading tab 8105 before return.
2026-09-22 17:25:33,095 | INFO     | kaleido.kaleido | Putting tab 8105 back (queue size: 0).
2026-09-22 17:25:33,095 | INFO     | kaleido.kaleido | Waiting for all cleanups to finish.
2026-09-22 17:25:33,095 | INFO     | kaleido.kaleido | Exiting Kaleido.
2026-09-22 17:25:33,096 | INFO     | choreographer.utils._tmpfile | TemporaryDirectory.cleanup() worked.
2026-09-22 17:25:33,096 | INFO     | choreographer.utils._tmpfile | shutil.rmtree worked.
2026-09-22 17:25:33,096 | INFO     | choreographer.browser_async | Closing browser.
2026-09-22 17:25:33,130 | INFO     | choreographer.utils._tmpfile | TemporaryDirectory.cleanup() worked.
2026-09-22 17:25:33,131 | INFO     | choreographer.utils._tmpfile | shutil.rmtree worked.
2026-09-22 17:25:33,131 | INFO     | choreographer.browser_async | Closing browser.
2026-09-22 17:25:33,131 | INFO     | kaleido.kaleido | Cancelling tasks.
2026-09-22 17:25:33,131 | INFO     | kaleido.kaleido | Exiting Kaleido/Choreo.
2026-09-22 17:25:33,271 | INFO     | choreographer.utils._tmpfile | TemporaryDirectory.cleanup() worked.
2026-09-22 17:25:33,272 | INFO     | choreographer.utils._tmpfile | shutil.rmtree worked.
2026-09-22 17:25:33,272 | INFO     | kaleido.kaleido | Cancelling tasks.
2026-09-22 17:25:33,272 | INFO     | kaleido.kaleido | Exiting Kaleido/Choreo.
2026-09-22 17:25:33,273 | INFO     | modulos.graficos | Grafico generado: C:\Users\PC41\Desktop\Dev\Informe Diario\informe_precios\datos\evol_gas_1.png
2026-09-22 17:25:33,295 | INFO     | choreographer.browsers.chromium | Chromium init'ed with kwargs {}
2026-09-22 17:25:33,295 | INFO     | choreographer.browsers.chromium | Found chromium path: C:\Program Files (x86)\Google\Chrome\Application\chrome.exe
2026-09-22 17:25:33,296 | INFO     | choreographer.utils._tmpfile | Temp directory created: C:\Users\PC41\AppData\Local\Temp\tmp11kfx3z_.
2026-09-22 17:25:33,296 | INFO     | choreographer.browser_async | Opening browser.
2026-09-22 17:25:33,297 | INFO     | choreographer.utils._tmpfile | Temp directory created: C:\Users\PC41\AppData\Local\Temp\tmpxk8z2xh9.
2026-09-22 17:25:33,297 | INFO     | choreographer.browsers.chromium | Temporary directory at: C:\Users\PC41\AppData\Local\Temp\tmpxk8z2xh9
2026-09-22 17:25:33,669 | INFO     | kaleido.kaleido | Conforming 1 to file:///C:/Users/PC41/AppData/Local/Temp/tmp11kfx3z_/index.html
2026-09-22 17:25:35,009 | INFO     | kaleido.kaleido | Getting tab from queue (has 1)
2026-09-22 17:25:35,009 | INFO     | kaleido.kaleido | Got 13BF
2026-09-22 17:25:35,123 | INFO     | kaleido.kaleido | Reloading tab 13BF before return.
2026-09-22 17:25:35,251 | INFO     | kaleido.kaleido | Putting tab 13BF back (queue size: 0).
2026-09-22 17:25:35,252 | INFO     | kaleido.kaleido | Waiting for all cleanups to finish.
2026-09-22 17:25:35,252 | INFO     | kaleido.kaleido | Exiting Kaleido.
2026-09-22 17:25:35,252 | INFO     | choreographer.utils._tmpfile | TemporaryDirectory.cleanup() worked.
2026-09-22 17:25:35,253 | INFO     | choreographer.utils._tmpfile | shutil.rmtree worked.
2026-09-22 17:25:35,253 | INFO     | choreographer.browser_async | Closing browser.
2026-09-22 17:25:35,289 | INFO     | choreographer.utils._tmpfile | TemporaryDirectory.cleanup() worked.
2026-09-22 17:25:35,290 | INFO     | choreographer.utils._tmpfile | shutil.rmtree worked.
2026-09-22 17:25:35,290 | INFO     | choreographer.browser_async | Closing browser.
2026-09-22 17:25:35,290 | INFO     | kaleido.kaleido | Cancelling tasks.
2026-09-22 17:25:35,290 | INFO     | kaleido.kaleido | Exiting Kaleido/Choreo.
2026-09-22 17:25:35,441 | INFO     | choreographer.utils._tmpfile | TemporaryDirectory.cleanup() worked.
2026-09-22 17:25:35,441 | INFO     | choreographer.utils._tmpfile | shutil.rmtree worked.
2026-09-22 17:25:35,441 | INFO     | kaleido.kaleido | Cancelling tasks.
2026-09-22 17:25:35,441 | INFO     | kaleido.kaleido | Exiting Kaleido/Choreo.
2026-09-22 17:25:35,442 | INFO     | modulos.graficos | Grafico generado: C:\Users\PC41\Desktop\Dev\Informe Diario\informe_precios\datos\evol_gas_2.png
2026-09-22 17:25:35,447 | INFO     | choreographer.utils._tmpfile | TemporaryDirectory.cleanup() worked.
2026-09-22 17:25:35,447 | INFO     | choreographer.utils._tmpfile | shutil.rmtree worked.
2026-09-22 17:25:35,467 | INFO     | choreographer.browsers.chromium | Chromium init'ed with kwargs {}
2026-09-22 17:25:35,468 | INFO     | choreographer.browsers.chromium | Found chromium path: C:\Program Files (x86)\Google\Chrome\Application\chrome.exe
2026-09-22 17:25:35,468 | INFO     | choreographer.utils._tmpfile | Temp directory created: C:\Users\PC41\AppData\Local\Temp\tmpavz2evhr.
2026-09-22 17:25:35,469 | INFO     | choreographer.browser_async | Opening browser.
2026-09-22 17:25:35,470 | INFO     | choreographer.utils._tmpfile | Temp directory created: C:\Users\PC41\AppData\Local\Temp\tmp94dvd4ot.
2026-09-22 17:25:35,470 | INFO     | choreographer.browsers.chromium | Temporary directory at: C:\Users\PC41\AppData\Local\Temp\tmp94dvd4ot
2026-09-22 17:25:35,829 | INFO     | kaleido.kaleido | Conforming 1 to file:///C:/Users/PC41/AppData/Local/Temp/tmpavz2evhr/index.html
2026-09-22 17:25:37,183 | INFO     | kaleido.kaleido | Getting tab from queue (has 1)
2026-09-22 17:25:37,183 | INFO     | kaleido.kaleido | Got C412
2026-09-22 17:25:37,366 | INFO     | kaleido.kaleido | Reloading tab C412 before return.
2026-09-22 17:25:37,493 | INFO     | kaleido.kaleido | Putting tab C412 back (queue size: 0).
2026-09-22 17:25:37,493 | INFO     | kaleido.kaleido | Waiting for all cleanups to finish.
2026-09-22 17:25:37,493 | INFO     | kaleido.kaleido | Exiting Kaleido.
2026-09-22 17:25:37,494 | INFO     | choreographer.utils._tmpfile | TemporaryDirectory.cleanup() worked.
2026-09-22 17:25:37,494 | INFO     | choreographer.utils._tmpfile | shutil.rmtree worked.
2026-09-22 17:25:37,494 | INFO     | choreographer.browser_async | Closing browser.
2026-09-22 17:25:37,544 | INFO     | choreographer.utils._tmpfile | TemporaryDirectory.cleanup() worked.
2026-09-22 17:25:37,544 | INFO     | choreographer.utils._tmpfile | shutil.rmtree worked.
2026-09-22 17:25:37,545 | INFO     | choreographer.browser_async | Closing browser.
2026-09-22 17:25:37,545 | INFO     | kaleido.kaleido | Cancelling tasks.
2026-09-22 17:25:37,545 | INFO     | kaleido.kaleido | Exiting Kaleido/Choreo.
2026-09-22 17:25:37,676 | INFO     | choreographer.utils._tmpfile | TemporaryDirectory.cleanup() worked.
2026-09-22 17:25:37,676 | INFO     | choreographer.utils._tmpfile | shutil.rmtree worked.
2026-09-22 17:25:37,676 | INFO     | kaleido.kaleido | Cancelling tasks.
2026-09-22 17:25:37,677 | INFO     | kaleido.kaleido | Exiting Kaleido/Choreo.
2026-09-22 17:25:37,679 | INFO     | modulos.graficos | Grafico generado: C:\Users\PC41\Desktop\Dev\Informe Diario\informe_precios\datos\evol_gas_3.png
2026-09-22 17:25:37,697 | INFO     | choreographer.utils._tmpfile | TemporaryDirectory.cleanup() worked.
2026-09-22 17:25:37,698 | INFO     | choreographer.utils._tmpfile | shutil.rmtree worked.
2026-09-22 17:25:37,708 | INFO     | choreographer.browsers.chromium | Chromium init'ed with kwargs {}
2026-09-22 17:25:37,709 | INFO     | choreographer.browsers.chromium | Found chromium path: C:\Program Files (x86)\Google\Chrome\Application\chrome.exe
2026-09-22 17:25:37,709 | INFO     | choreographer.utils._tmpfile | Temp directory created: C:\Users\PC41\AppData\Local\Temp\tmpxqw9w0bh.
2026-09-22 17:25:37,710 | INFO     | choreographer.browser_async | Opening browser.
2026-09-22 17:25:37,711 | INFO     | choreographer.utils._tmpfile | Temp directory created: C:\Users\PC41\AppData\Local\Temp\tmp4if9j_ff.
2026-09-22 17:25:37,711 | INFO     | choreographer.browsers.chromium | Temporary directory at: C:\Users\PC41\AppData\Local\Temp\tmp4if9j_ff
2026-09-22 17:25:38,104 | INFO     | kaleido.kaleido | Conforming 1 to file:///C:/Users/PC41/AppData/Local/Temp/tmpxqw9w0bh/index.html
2026-09-22 17:25:39,451 | INFO     | kaleido.kaleido | Getting tab from queue (has 1)
2026-09-22 17:25:39,451 | INFO     | kaleido.kaleido | Got 0659
2026-09-22 17:25:39,642 | INFO     | kaleido.kaleido | Reloading tab 0659 before return.
2026-09-22 17:25:39,844 | INFO     | kaleido.kaleido | Putting tab 0659 back (queue size: 0).
2026-09-22 17:25:39,844 | INFO     | kaleido.kaleido | Waiting for all cleanups to finish.
2026-09-22 17:25:39,845 | INFO     | kaleido.kaleido | Exiting Kaleido.
2026-09-22 17:25:39,846 | INFO     | choreographer.utils._tmpfile | TemporaryDirectory.cleanup() worked.
2026-09-22 17:25:39,847 | INFO     | choreographer.utils._tmpfile | shutil.rmtree worked.
2026-09-22 17:25:39,847 | INFO     | choreographer.browser_async | Closing browser.
2026-09-22 17:25:39,910 | INFO     | choreographer.utils._tmpfile | TemporaryDirectory.cleanup() worked.
2026-09-22 17:25:39,911 | INFO     | choreographer.utils._tmpfile | shutil.rmtree worked.
2026-09-22 17:25:39,911 | INFO     | choreographer.browser_async | Closing browser.
2026-09-22 17:25:39,911 | INFO     | kaleido.kaleido | Cancelling tasks.
2026-09-22 17:25:39,911 | INFO     | kaleido.kaleido | Exiting Kaleido/Choreo.
2026-09-22 17:25:40,053 | INFO     | choreographer.utils._tmpfile | TemporaryDirectory.cleanup() worked.
2026-09-22 17:25:40,053 | INFO     | choreographer.utils._tmpfile | shutil.rmtree worked.
2026-09-22 17:25:40,053 | INFO     | kaleido.kaleido | Cancelling tasks.
2026-09-22 17:25:40,053 | INFO     | kaleido.kaleido | Exiting Kaleido/Choreo.
2026-09-22 17:25:40,055 | INFO     | modulos.graficos | Grafico generado: C:\Users\PC41\Desktop\Dev\Informe Diario\informe_precios\datos\evol_mibgas.png
2026-09-22 17:25:41,243 | INFO     | modulos.generar_pdf | PDF generado: C:\Users\PC41\Desktop\Dev\Informe Diario\salida\Informe Precio Diario 22.09.2026.pdf
2026-09-22 17:25:41,243 | INFO     | informe | === Informe completado: C:\Users\PC41\Desktop\Dev\Informe Diario\salida\Informe Precio Diario 22.09.2026.pdf ===
2026-09-22 17:25:41,243 | INFO     | informe | Envío desactivado: solo generación (revisión previa)
2026-09-22 17:25:41,288 | INFO     | choreographer.utils._tmpfile | TemporaryDirectory.cleanup() worked.
2026-09-22 17:25:41,288 | INFO     | choreographer.utils._tmpfile | shutil.rmtree worked.
2026-09-22 17:25:41,288 | INFO     | choreographer.utils._tmpfile | TemporaryDirectory.cleanup() worked.
2026-09-22 17:25:41,289 | INFO     | choreographer.utils._tmpfile | shutil.rmtree worked.
2026-09-22 17:25:41,289 | INFO     | choreographer.utils._tmpfile | TemporaryDirectory.cleanup() worked.
2026-09-22 17:25:41,289 | INFO     | choreographer.utils._tmpfile | shutil.rmtree worked.
2026-09-24 14:00:04,383 | INFO     | informe | Log de ejecución: C:\Users\PC41\Desktop\Dev\Informe Diario\salida\generar_informe.log
2026-09-24 14:00:04,388 | INFO     | modulos.cargar_historicos | Ya existe historico_omip_electricidad.csv, se omite importacion de electricidad
2026-09-24 14:00:04,388 | INFO     | modulos.cargar_historicos | Ya existe historico_omip_gas.csv, se omite importacion de gas
2026-09-24 14:00:04,389 | INFO     | modulos.cargar_historicos | Ya existe historico_mibgas.csv, se omite importación de MIBGAS historico
2026-09-24 14:00:04,389 | INFO     | informe | === Fecha de informe: 2026-09-24 00:00:00 (entrega mañana: 2026-09-25 00:00:00) ===
2026-09-24 14:00:04,397 | INFO     | modulos.descargar_omie | Descargando OMIE 2026-09-25 (https://www.omie.es/en/file-download?parents=marginalpdbc&filename=marginalpdbc_20260925.1)
2026-09-24 14:00:05,028 | INFO     | modulos.descargar_omie | OMIE acumulado: 240 filas (dia 2026-09-25)
2026-09-24 14:00:05,031 | INFO     | modulos.descargar_omip | Descargando OMIP EL FTB (2026-09-25)
2026-09-24 14:00:06,351 | INFO     | modulos.descargar_omip | OMIP EL FTB: Base Octubre - 2026 = 129.35
2026-09-24 14:00:06,351 | INFO     | modulos.descargar_omip | OMIP EL FTB: Base Noviembre - 2026 = 143.58
2026-09-24 14:00:06,351 | INFO     | modulos.descargar_omip | OMIP EL FTB: Base Diciembre - 2026 = 137.7
2026-09-24 14:00:06,351 | INFO     | modulos.descargar_omip | OMIP EL FTB: Base 4º Trim. - 2026 = 136.8
2026-09-24 14:00:06,351 | INFO     | modulos.descargar_omip | OMIP EL FTB: Base 1º Trim. - 2027 = 115.5
2026-09-24 14:00:06,351 | INFO     | modulos.descargar_omip | OMIP EL FTB: Base 2º Trim. - 2027 = 55.0
2026-09-24 14:00:06,351 | INFO     | modulos.descargar_omip | OMIP EL FTB: Base Año - 2027 = 85.8
2026-09-24 14:00:06,351 | INFO     | modulos.descargar_omip | OMIP EL FTB: Base Año - 2028 = 58.4
2026-09-24 14:00:06,351 | INFO     | modulos.descargar_omip | OMIP EL FTB: Base Año - 2029 = 57.25
2026-09-24 14:00:06,357 | INFO     | modulos.descargar_omip | Descargando OMIP NG FGF (2026-09-25)
2026-09-24 14:00:07,740 | INFO     | modulos.descargar_omip | OMIP NG FGF: Base Octubre - 2026 = 72.05
2026-09-24 14:00:07,740 | INFO     | modulos.descargar_omip | OMIP NG FGF: Base Noviembre - 2026 = 71.83
2026-09-24 14:00:07,740 | INFO     | modulos.descargar_omip | OMIP NG FGF: Base Diciembre - 2026 = 71.97
2026-09-24 14:00:07,740 | INFO     | modulos.descargar_omip | OMIP NG FGF: Base 4º Trim. - 2026 = 71.95
2026-09-24 14:00:07,740 | INFO     | modulos.descargar_omip | OMIP NG FGF: Base 1º Trim. - 2027 = 70.13
2026-09-24 14:00:07,740 | INFO     | modulos.descargar_omip | OMIP NG FGF: Base 2º Trim. - 2027 = 53.21
2026-09-24 14:00:07,740 | INFO     | modulos.descargar_omip | OMIP NG FGF: Base Año - 2027 = 56.05
2026-09-24 14:00:07,740 | INFO     | modulos.descargar_omip | OMIP NG FGF: Base Año - 2028 = 36.4
2026-09-24 14:00:07,744 | INFO     | modulos.descargar_mibgas | Descargando MIBGAS anual 2026 (https://www.mibgas.es/en/file-access/MIBGAS_Data_2026.xlsx?path=AGNO_2026/XLS)
2026-09-24 14:00:19,606 | INFO     | modulos.descargar_mibgas | MIBGAS actualizado: 2497 filas (2026)
2026-09-24 14:00:19,607 | INFO     | informe | Precio medio OMIE mañana (2026-09-25 00:00:00): 158.92
2026-09-24 14:00:19,610 | INFO     | informe | Precio MIBGAS mañana (2026-09-25): 73.98
2026-09-24 14:00:20,470 | INFO     | choreographer.browsers.chromium | Chromium init'ed with kwargs {}
2026-09-24 14:00:20,484 | INFO     | choreographer.browsers.chromium | Found chromium path: C:\Program Files (x86)\Google\Chrome\Application\chrome.exe
2026-09-24 14:00:20,485 | INFO     | choreographer.utils._tmpfile | Temp directory created: C:\Users\PC41\AppData\Local\Temp\tmplgxsjorg.
2026-09-24 14:00:20,486 | INFO     | choreographer.browser_async | Opening browser.
2026-09-24 14:00:20,503 | INFO     | choreographer.utils._tmpfile | Temp directory created: C:\Users\PC41\AppData\Local\Temp\tmph90bcjfa.
2026-09-24 14:00:20,503 | INFO     | choreographer.browsers.chromium | Temporary directory at: C:\Users\PC41\AppData\Local\Temp\tmph90bcjfa
2026-09-24 14:00:22,710 | INFO     | kaleido.kaleido | Conforming 1 to file:///C:/Users/PC41/AppData/Local/Temp/tmplgxsjorg/index.html
2026-09-24 14:00:24,361 | INFO     | kaleido.kaleido | Getting tab from queue (has 1)
2026-09-24 14:00:24,361 | INFO     | kaleido.kaleido | Got 3120
2026-09-24 14:00:24,552 | INFO     | kaleido.kaleido | Reloading tab 3120 before return.
2026-09-24 14:00:24,680 | INFO     | kaleido.kaleido | Putting tab 3120 back (queue size: 0).
2026-09-24 14:00:24,681 | INFO     | kaleido.kaleido | Waiting for all cleanups to finish.
2026-09-24 14:00:24,681 | INFO     | kaleido.kaleido | Exiting Kaleido.
2026-09-24 14:00:24,682 | INFO     | choreographer.utils._tmpfile | TemporaryDirectory.cleanup() worked.
2026-09-24 14:00:24,683 | INFO     | choreographer.utils._tmpfile | shutil.rmtree worked.
2026-09-24 14:00:24,683 | INFO     | choreographer.browser_async | Closing browser.
2026-09-24 14:00:24,719 | INFO     | choreographer.utils._tmpfile | TemporaryDirectory.cleanup() worked.
2026-09-24 14:00:24,720 | INFO     | choreographer.utils._tmpfile | shutil.rmtree worked.
2026-09-24 14:00:24,720 | INFO     | choreographer.browser_async | Closing browser.
2026-09-24 14:00:24,720 | INFO     | kaleido.kaleido | Cancelling tasks.
2026-09-24 14:00:24,720 | INFO     | kaleido.kaleido | Exiting Kaleido/Choreo.
2026-09-24 14:00:24,978 | INFO     | choreographer.utils._tmpfile | TemporaryDirectory.cleanup() worked.
2026-09-24 14:00:24,978 | INFO     | choreographer.utils._tmpfile | shutil.rmtree worked.
2026-09-24 14:00:24,978 | INFO     | kaleido.kaleido | Cancelling tasks.
2026-09-24 14:00:24,978 | INFO     | kaleido.kaleido | Exiting Kaleido/Choreo.
2026-09-24 14:00:24,979 | INFO     | modulos.graficos | Grafico generado: C:\Users\PC41\Desktop\Dev\Informe Diario\informe_precios\datos\grafico_horario_omie.png
2026-09-24 14:00:25,038 | INFO     | choreographer.utils._tmpfile | TemporaryDirectory.cleanup() worked.
2026-09-24 14:00:25,038 | INFO     | choreographer.utils._tmpfile | shutil.rmtree worked.
2026-09-24 14:00:25,085 | INFO     | choreographer.browsers.chromium | Chromium init'ed with kwargs {}
2026-09-24 14:00:25,086 | INFO     | choreographer.browsers.chromium | Found chromium path: C:\Program Files (x86)\Google\Chrome\Application\chrome.exe
2026-09-24 14:00:25,086 | INFO     | choreographer.utils._tmpfile | Temp directory created: C:\Users\PC41\AppData\Local\Temp\tmprh2igl9f.
2026-09-24 14:00:25,087 | INFO     | choreographer.browser_async | Opening browser.
2026-09-24 14:00:25,087 | INFO     | choreographer.utils._tmpfile | Temp directory created: C:\Users\PC41\AppData\Local\Temp\tmpvignp770.
2026-09-24 14:00:25,087 | INFO     | choreographer.browsers.chromium | Temporary directory at: C:\Users\PC41\AppData\Local\Temp\tmpvignp770
2026-09-24 14:00:25,513 | INFO     | kaleido.kaleido | Conforming 1 to file:///C:/Users/PC41/AppData/Local/Temp/tmprh2igl9f/index.html
2026-09-24 14:00:26,995 | INFO     | kaleido.kaleido | Getting tab from queue (has 1)
2026-09-24 14:00:26,996 | INFO     | kaleido.kaleido | Got 5CA1
2026-09-24 14:00:27,150 | INFO     | kaleido.kaleido | Reloading tab 5CA1 before return.
2026-09-24 14:00:27,335 | INFO     | kaleido.kaleido | Putting tab 5CA1 back (queue size: 0).
2026-09-24 14:00:27,335 | INFO     | kaleido.kaleido | Waiting for all cleanups to finish.
2026-09-24 14:00:27,335 | INFO     | kaleido.kaleido | Exiting Kaleido.
2026-09-24 14:00:27,336 | INFO     | choreographer.utils._tmpfile | TemporaryDirectory.cleanup() worked.
2026-09-24 14:00:27,336 | INFO     | choreographer.utils._tmpfile | shutil.rmtree worked.
2026-09-24 14:00:27,336 | INFO     | choreographer.browser_async | Closing browser.
2026-09-24 14:00:27,433 | INFO     | choreographer.utils._tmpfile | TemporaryDirectory.cleanup() worked.
2026-09-24 14:00:27,433 | INFO     | choreographer.utils._tmpfile | shutil.rmtree worked.
2026-09-24 14:00:27,434 | INFO     | choreographer.browser_async | Closing browser.
2026-09-24 14:00:27,434 | INFO     | kaleido.kaleido | Cancelling tasks.
2026-09-24 14:00:27,434 | INFO     | kaleido.kaleido | Exiting Kaleido/Choreo.
2026-09-24 14:00:27,668 | INFO     | choreographer.utils._tmpfile | TemporaryDirectory.cleanup() worked.
2026-09-24 14:00:27,669 | INFO     | choreographer.utils._tmpfile | shutil.rmtree worked.
2026-09-24 14:00:27,669 | INFO     | kaleido.kaleido | Cancelling tasks.
2026-09-24 14:00:27,669 | INFO     | kaleido.kaleido | Exiting Kaleido/Choreo.
2026-09-24 14:00:27,670 | INFO     | modulos.graficos | Grafico generado: C:\Users\PC41\Desktop\Dev\Informe Diario\informe_precios\datos\evol_elec_0.png
2026-09-24 14:00:27,690 | INFO     | choreographer.browsers.chromium | Chromium init'ed with kwargs {}
2026-09-24 14:00:27,691 | INFO     | choreographer.browsers.chromium | Found chromium path: C:\Program Files (x86)\Google\Chrome\Application\chrome.exe
2026-09-24 14:00:27,692 | INFO     | choreographer.utils._tmpfile | Temp directory created: C:\Users\PC41\AppData\Local\Temp\tmpbyhmyj7g.
2026-09-24 14:00:27,692 | INFO     | choreographer.browser_async | Opening browser.
2026-09-24 14:00:27,693 | INFO     | choreographer.utils._tmpfile | Temp directory created: C:\Users\PC41\AppData\Local\Temp\tmp6skq68to.
2026-09-24 14:00:27,693 | INFO     | choreographer.browsers.chromium | Temporary directory at: C:\Users\PC41\AppData\Local\Temp\tmp6skq68to
2026-09-24 14:00:28,023 | INFO     | kaleido.kaleido | Conforming 1 to file:///C:/Users/PC41/AppData/Local/Temp/tmpbyhmyj7g/index.html
2026-09-24 14:00:29,546 | INFO     | kaleido.kaleido | Getting tab from queue (has 1)
2026-09-24 14:00:29,546 | INFO     | kaleido.kaleido | Got B0AB
2026-09-24 14:00:29,670 | INFO     | kaleido.kaleido | Reloading tab B0AB before return.
2026-09-24 14:00:29,791 | INFO     | kaleido.kaleido | Putting tab B0AB back (queue size: 0).
2026-09-24 14:00:29,792 | INFO     | kaleido.kaleido | Waiting for all cleanups to finish.
2026-09-24 14:00:29,792 | INFO     | kaleido.kaleido | Exiting Kaleido.
2026-09-24 14:00:29,792 | INFO     | choreographer.utils._tmpfile | TemporaryDirectory.cleanup() worked.
2026-09-24 14:00:29,793 | INFO     | choreographer.utils._tmpfile | shutil.rmtree worked.
2026-09-24 14:00:29,793 | INFO     | choreographer.browser_async | Closing browser.
2026-09-24 14:00:29,832 | INFO     | choreographer.utils._tmpfile | TemporaryDirectory.cleanup() worked.
2026-09-24 14:00:29,832 | INFO     | choreographer.utils._tmpfile | shutil.rmtree worked.
2026-09-24 14:00:29,832 | INFO     | choreographer.browser_async | Closing browser.
2026-09-24 14:00:29,832 | INFO     | kaleido.kaleido | Cancelling tasks.
2026-09-24 14:00:29,832 | INFO     | kaleido.kaleido | Exiting Kaleido/Choreo.
2026-09-24 14:00:30,049 | INFO     | choreographer.utils._tmpfile | TemporaryDirectory.cleanup() worked.
2026-09-24 14:00:30,049 | INFO     | choreographer.utils._tmpfile | shutil.rmtree worked.
2026-09-24 14:00:30,049 | INFO     | kaleido.kaleido | Cancelling tasks.
2026-09-24 14:00:30,049 | INFO     | kaleido.kaleido | Exiting Kaleido/Choreo.
2026-09-24 14:00:30,051 | INFO     | modulos.graficos | Grafico generado: C:\Users\PC41\Desktop\Dev\Informe Diario\informe_precios\datos\evol_elec_1.png
2026-09-24 14:00:30,073 | INFO     | choreographer.browsers.chromium | Chromium init'ed with kwargs {}
2026-09-24 14:00:30,074 | INFO     | choreographer.browsers.chromium | Found chromium path: C:\Program Files (x86)\Google\Chrome\Application\chrome.exe
2026-09-24 14:00:30,074 | INFO     | choreographer.utils._tmpfile | Temp directory created: C:\Users\PC41\AppData\Local\Temp\tmpghia7syu.
2026-09-24 14:00:30,075 | INFO     | choreographer.browser_async | Opening browser.
2026-09-24 14:00:30,075 | INFO     | choreographer.utils._tmpfile | Temp directory created: C:\Users\PC41\AppData\Local\Temp\tmpg9pmtrls.
2026-09-24 14:00:30,075 | INFO     | choreographer.browsers.chromium | Temporary directory at: C:\Users\PC41\AppData\Local\Temp\tmpg9pmtrls
2026-09-24 14:00:30,430 | INFO     | kaleido.kaleido | Conforming 1 to file:///C:/Users/PC41/AppData/Local/Temp/tmpghia7syu/index.html
2026-09-24 14:00:30,526 | INFO     | choreographer.utils._tmpfile | TemporaryDirectory.cleanup() worked.
2026-09-24 14:00:30,526 | INFO     | choreographer.utils._tmpfile | shutil.rmtree worked.
2026-09-24 14:00:30,527 | INFO     | choreographer.utils._tmpfile | TemporaryDirectory.cleanup() worked.
2026-09-24 14:00:30,527 | INFO     | choreographer.utils._tmpfile | shutil.rmtree worked.
2026-09-24 14:00:31,807 | INFO     | kaleido.kaleido | Getting tab from queue (has 1)
2026-09-24 14:00:31,807 | INFO     | kaleido.kaleido | Got AF1D
2026-09-24 14:00:31,915 | INFO     | kaleido.kaleido | Reloading tab AF1D before return.
2026-09-24 14:00:32,034 | INFO     | kaleido.kaleido | Putting tab AF1D back (queue size: 0).
2026-09-24 14:00:32,034 | INFO     | kaleido.kaleido | Waiting for all cleanups to finish.
2026-09-24 14:00:32,034 | INFO     | kaleido.kaleido | Exiting Kaleido.
2026-09-24 14:00:32,035 | INFO     | choreographer.utils._tmpfile | TemporaryDirectory.cleanup() worked.
2026-09-24 14:00:32,035 | INFO     | choreographer.utils._tmpfile | shutil.rmtree worked.
2026-09-24 14:00:32,035 | INFO     | choreographer.browser_async | Closing browser.
2026-09-24 14:00:32,087 | INFO     | choreographer.utils._tmpfile | TemporaryDirectory.cleanup() worked.
2026-09-24 14:00:32,087 | INFO     | choreographer.utils._tmpfile | shutil.rmtree worked.
2026-09-24 14:00:32,087 | INFO     | choreographer.browser_async | Closing browser.
2026-09-24 14:00:32,087 | INFO     | kaleido.kaleido | Cancelling tasks.
2026-09-24 14:00:32,087 | INFO     | kaleido.kaleido | Exiting Kaleido/Choreo.
2026-09-24 14:00:32,340 | INFO     | choreographer.utils._tmpfile | TemporaryDirectory.cleanup() worked.
2026-09-24 14:00:32,340 | INFO     | choreographer.utils._tmpfile | shutil.rmtree worked.
2026-09-24 14:00:32,340 | INFO     | kaleido.kaleido | Cancelling tasks.
2026-09-24 14:00:32,340 | INFO     | kaleido.kaleido | Exiting Kaleido/Choreo.
2026-09-24 14:00:32,341 | INFO     | modulos.graficos | Grafico generado: C:\Users\PC41\Desktop\Dev\Informe Diario\informe_precios\datos\evol_elec_2.png
2026-09-24 14:00:32,361 | INFO     | choreographer.browsers.chromium | Chromium init'ed with kwargs {}
2026-09-24 14:00:32,362 | INFO     | choreographer.browsers.chromium | Found chromium path: C:\Program Files (x86)\Google\Chrome\Application\chrome.exe
2026-09-24 14:00:32,362 | INFO     | choreographer.utils._tmpfile | Temp directory created: C:\Users\PC41\AppData\Local\Temp\tmpy2l1w2b1.
2026-09-24 14:00:32,363 | INFO     | choreographer.browser_async | Opening browser.
2026-09-24 14:00:32,363 | INFO     | choreographer.utils._tmpfile | Temp directory created: C:\Users\PC41\AppData\Local\Temp\tmp0iftttgu.
2026-09-24 14:00:32,364 | INFO     | choreographer.browsers.chromium | Temporary directory at: C:\Users\PC41\AppData\Local\Temp\tmp0iftttgu
2026-09-24 14:00:32,711 | INFO     | kaleido.kaleido | Conforming 1 to file:///C:/Users/PC41/AppData/Local/Temp/tmpy2l1w2b1/index.html
2026-09-24 14:00:34,075 | INFO     | kaleido.kaleido | Getting tab from queue (has 1)
2026-09-24 14:00:34,075 | INFO     | kaleido.kaleido | Got C80D
2026-09-24 14:00:34,209 | INFO     | kaleido.kaleido | Reloading tab C80D before return.
2026-09-24 14:00:34,332 | INFO     | kaleido.kaleido | Putting tab C80D back (queue size: 0).
2026-09-24 14:00:34,332 | INFO     | kaleido.kaleido | Waiting for all cleanups to finish.
2026-09-24 14:00:34,332 | INFO     | kaleido.kaleido | Exiting Kaleido.
2026-09-24 14:00:34,333 | INFO     | choreographer.utils._tmpfile | TemporaryDirectory.cleanup() worked.
2026-09-24 14:00:34,333 | INFO     | choreographer.utils._tmpfile | shutil.rmtree worked.
2026-09-24 14:00:34,333 | INFO     | choreographer.browser_async | Closing browser.
2026-09-24 14:00:34,389 | INFO     | choreographer.utils._tmpfile | TemporaryDirectory.cleanup() worked.
2026-09-24 14:00:34,389 | INFO     | choreographer.utils._tmpfile | shutil.rmtree worked.
2026-09-24 14:00:34,389 | INFO     | choreographer.browser_async | Closing browser.
2026-09-24 14:00:34,389 | INFO     | kaleido.kaleido | Cancelling tasks.
2026-09-24 14:00:34,389 | INFO     | kaleido.kaleido | Exiting Kaleido/Choreo.
2026-09-24 14:00:34,640 | INFO     | choreographer.utils._tmpfile | TemporaryDirectory.cleanup() worked.
2026-09-24 14:00:34,640 | INFO     | choreographer.utils._tmpfile | shutil.rmtree worked.
2026-09-24 14:00:34,640 | INFO     | kaleido.kaleido | Cancelling tasks.
2026-09-24 14:00:34,641 | INFO     | kaleido.kaleido | Exiting Kaleido/Choreo.
2026-09-24 14:00:34,642 | INFO     | modulos.graficos | Grafico generado: C:\Users\PC41\Desktop\Dev\Informe Diario\informe_precios\datos\evol_elec_3.png
2026-09-24 14:00:34,663 | INFO     | choreographer.browsers.chromium | Chromium init'ed with kwargs {}
2026-09-24 14:00:34,664 | INFO     | choreographer.browsers.chromium | Found chromium path: C:\Program Files (x86)\Google\Chrome\Application\chrome.exe
2026-09-24 14:00:34,664 | INFO     | choreographer.utils._tmpfile | Temp directory created: C:\Users\PC41\AppData\Local\Temp\tmpl55ekpc9.
2026-09-24 14:00:34,664 | INFO     | choreographer.browser_async | Opening browser.
2026-09-24 14:00:34,665 | INFO     | choreographer.utils._tmpfile | Temp directory created: C:\Users\PC41\AppData\Local\Temp\tmp3vzooid_.
2026-09-24 14:00:34,665 | INFO     | choreographer.browsers.chromium | Temporary directory at: C:\Users\PC41\AppData\Local\Temp\tmp3vzooid_
2026-09-24 14:00:35,024 | INFO     | kaleido.kaleido | Conforming 1 to file:///C:/Users/PC41/AppData/Local/Temp/tmpl55ekpc9/index.html
2026-09-24 14:00:36,638 | INFO     | kaleido.kaleido | Getting tab from queue (has 1)
2026-09-24 14:00:36,638 | INFO     | kaleido.kaleido | Got AC61
2026-09-24 14:00:36,767 | INFO     | kaleido.kaleido | Reloading tab AC61 before return.
2026-09-24 14:00:36,887 | INFO     | kaleido.kaleido | Putting tab AC61 back (queue size: 0).
2026-09-24 14:00:36,888 | INFO     | kaleido.kaleido | Waiting for all cleanups to finish.
2026-09-24 14:00:36,888 | INFO     | kaleido.kaleido | Exiting Kaleido.
2026-09-24 14:00:36,888 | INFO     | choreographer.utils._tmpfile | TemporaryDirectory.cleanup() worked.
2026-09-24 14:00:36,889 | INFO     | choreographer.utils._tmpfile | shutil.rmtree worked.
2026-09-24 14:00:36,889 | INFO     | choreographer.browser_async | Closing browser.
2026-09-24 14:00:36,941 | INFO     | choreographer.utils._tmpfile | TemporaryDirectory.cleanup() worked.
2026-09-24 14:00:36,941 | INFO     | choreographer.utils._tmpfile | shutil.rmtree worked.
2026-09-24 14:00:36,941 | INFO     | choreographer.browser_async | Closing browser.
2026-09-24 14:00:36,941 | INFO     | kaleido.kaleido | Cancelling tasks.
2026-09-24 14:00:36,941 | INFO     | kaleido.kaleido | Exiting Kaleido/Choreo.
2026-09-24 14:00:37,290 | INFO     | choreographer.utils._tmpfile | TemporaryDirectory.cleanup() worked.
2026-09-24 14:00:37,290 | INFO     | choreographer.utils._tmpfile | shutil.rmtree worked.
2026-09-24 14:00:37,291 | INFO     | kaleido.kaleido | Cancelling tasks.
2026-09-24 14:00:37,291 | INFO     | kaleido.kaleido | Exiting Kaleido/Choreo.
2026-09-24 14:00:37,292 | INFO     | modulos.graficos | Grafico generado: C:\Users\PC41\Desktop\Dev\Informe Diario\informe_precios\datos\evol_gas_0.png
2026-09-24 14:00:37,312 | INFO     | choreographer.browsers.chromium | Chromium init'ed with kwargs {}
2026-09-24 14:00:37,313 | INFO     | choreographer.browsers.chromium | Found chromium path: C:\Program Files (x86)\Google\Chrome\Application\chrome.exe
2026-09-24 14:00:37,313 | INFO     | choreographer.utils._tmpfile | Temp directory created: C:\Users\PC41\AppData\Local\Temp\tmp913kgg8j.
2026-09-24 14:00:37,314 | INFO     | choreographer.browser_async | Opening browser.
2026-09-24 14:00:37,315 | INFO     | choreographer.utils._tmpfile | Temp directory created: C:\Users\PC41\AppData\Local\Temp\tmpcaz7ul_a.
2026-09-24 14:00:37,315 | INFO     | choreographer.browsers.chromium | Temporary directory at: C:\Users\PC41\AppData\Local\Temp\tmpcaz7ul_a
2026-09-24 14:00:37,671 | INFO     | kaleido.kaleido | Conforming 1 to file:///C:/Users/PC41/AppData/Local/Temp/tmp913kgg8j/index.html
2026-09-24 14:00:39,091 | INFO     | kaleido.kaleido | Getting tab from queue (has 1)
2026-09-24 14:00:39,092 | INFO     | kaleido.kaleido | Got 244F
2026-09-24 14:00:39,215 | INFO     | kaleido.kaleido | Reloading tab 244F before return.
2026-09-24 14:00:39,342 | INFO     | kaleido.kaleido | Putting tab 244F back (queue size: 0).
2026-09-24 14:00:39,342 | INFO     | kaleido.kaleido | Waiting for all cleanups to finish.
2026-09-24 14:00:39,342 | INFO     | kaleido.kaleido | Exiting Kaleido.
2026-09-24 14:00:39,343 | INFO     | choreographer.utils._tmpfile | TemporaryDirectory.cleanup() worked.
2026-09-24 14:00:39,343 | INFO     | choreographer.utils._tmpfile | shutil.rmtree worked.
2026-09-24 14:00:39,343 | INFO     | choreographer.browser_async | Closing browser.
2026-09-24 14:00:39,383 | INFO     | choreographer.utils._tmpfile | TemporaryDirectory.cleanup() worked.
2026-09-24 14:00:39,384 | INFO     | choreographer.utils._tmpfile | shutil.rmtree worked.
2026-09-24 14:00:39,384 | INFO     | choreographer.browser_async | Closing browser.
2026-09-24 14:00:39,384 | INFO     | kaleido.kaleido | Cancelling tasks.
2026-09-24 14:00:39,384 | INFO     | kaleido.kaleido | Exiting Kaleido/Choreo.
2026-09-24 14:00:39,603 | INFO     | choreographer.utils._tmpfile | TemporaryDirectory.cleanup() worked.
2026-09-24 14:00:39,603 | INFO     | choreographer.utils._tmpfile | shutil.rmtree worked.
2026-09-24 14:00:39,603 | INFO     | kaleido.kaleido | Cancelling tasks.
2026-09-24 14:00:39,604 | INFO     | kaleido.kaleido | Exiting Kaleido/Choreo.
2026-09-24 14:00:39,605 | INFO     | modulos.graficos | Grafico generado: C:\Users\PC41\Desktop\Dev\Informe Diario\informe_precios\datos\evol_gas_1.png
2026-09-24 14:00:39,626 | INFO     | choreographer.browsers.chromium | Chromium init'ed with kwargs {}
2026-09-24 14:00:39,627 | INFO     | choreographer.browsers.chromium | Found chromium path: C:\Program Files (x86)\Google\Chrome\Application\chrome.exe
2026-09-24 14:00:39,627 | INFO     | choreographer.utils._tmpfile | Temp directory created: C:\Users\PC41\AppData\Local\Temp\tmpdv_d335j.
2026-09-24 14:00:39,627 | INFO     | choreographer.browser_async | Opening browser.
2026-09-24 14:00:39,628 | INFO     | choreographer.utils._tmpfile | Temp directory created: C:\Users\PC41\AppData\Local\Temp\tmpey3qzj0c.
2026-09-24 14:00:39,628 | INFO     | choreographer.browsers.chromium | Temporary directory at: C:\Users\PC41\AppData\Local\Temp\tmpey3qzj0c
2026-09-24 14:00:39,972 | INFO     | kaleido.kaleido | Conforming 1 to file:///C:/Users/PC41/AppData/Local/Temp/tmpdv_d335j/index.html
2026-09-24 14:00:41,575 | INFO     | kaleido.kaleido | Getting tab from queue (has 1)
2026-09-24 14:00:41,575 | INFO     | kaleido.kaleido | Got 6FA8
2026-09-24 14:00:41,705 | INFO     | kaleido.kaleido | Reloading tab 6FA8 before return.
2026-09-24 14:00:41,831 | INFO     | kaleido.kaleido | Putting tab 6FA8 back (queue size: 0).
2026-09-24 14:00:41,831 | INFO     | kaleido.kaleido | Waiting for all cleanups to finish.
2026-09-24 14:00:41,832 | INFO     | kaleido.kaleido | Exiting Kaleido.
2026-09-24 14:00:41,832 | INFO     | choreographer.utils._tmpfile | TemporaryDirectory.cleanup() worked.
2026-09-24 14:00:41,833 | INFO     | choreographer.utils._tmpfile | shutil.rmtree worked.
2026-09-24 14:00:41,833 | INFO     | choreographer.browser_async | Closing browser.
2026-09-24 14:00:41,897 | INFO     | choreographer.utils._tmpfile | TemporaryDirectory.cleanup() worked.
2026-09-24 14:00:41,897 | INFO     | choreographer.utils._tmpfile | shutil.rmtree worked.
2026-09-24 14:00:41,897 | INFO     | choreographer.browser_async | Closing browser.
2026-09-24 14:00:41,897 | INFO     | kaleido.kaleido | Cancelling tasks.
2026-09-24 14:00:41,898 | INFO     | kaleido.kaleido | Exiting Kaleido/Choreo.
2026-09-24 14:00:42,172 | INFO     | choreographer.utils._tmpfile | TemporaryDirectory.cleanup() worked.
2026-09-24 14:00:42,172 | INFO     | choreographer.utils._tmpfile | shutil.rmtree worked.
2026-09-24 14:00:42,172 | INFO     | kaleido.kaleido | Cancelling tasks.
2026-09-24 14:00:42,172 | INFO     | kaleido.kaleido | Exiting Kaleido/Choreo.
2026-09-24 14:00:42,174 | INFO     | modulos.graficos | Grafico generado: C:\Users\PC41\Desktop\Dev\Informe Diario\informe_precios\datos\evol_gas_2.png
2026-09-24 14:00:42,195 | INFO     | choreographer.browsers.chromium | Chromium init'ed with kwargs {}
2026-09-24 14:00:42,196 | INFO     | choreographer.browsers.chromium | Found chromium path: C:\Program Files (x86)\Google\Chrome\Application\chrome.exe
2026-09-24 14:00:42,196 | INFO     | choreographer.utils._tmpfile | Temp directory created: C:\Users\PC41\AppData\Local\Temp\tmpaq2r2e4u.
2026-09-24 14:00:42,197 | INFO     | choreographer.browser_async | Opening browser.
2026-09-24 14:00:42,197 | INFO     | choreographer.utils._tmpfile | Temp directory created: C:\Users\PC41\AppData\Local\Temp\tmpfxabn02y.
2026-09-24 14:00:42,197 | INFO     | choreographer.browsers.chromium | Temporary directory at: C:\Users\PC41\AppData\Local\Temp\tmpfxabn02y
2026-09-24 14:00:42,563 | INFO     | kaleido.kaleido | Conforming 1 to file:///C:/Users/PC41/AppData/Local/Temp/tmpaq2r2e4u/index.html
2026-09-24 14:00:44,034 | INFO     | kaleido.kaleido | Getting tab from queue (has 1)
2026-09-24 14:00:44,034 | INFO     | kaleido.kaleido | Got B890
2026-09-24 14:00:44,171 | INFO     | kaleido.kaleido | Reloading tab B890 before return.
2026-09-24 14:00:44,317 | INFO     | kaleido.kaleido | Putting tab B890 back (queue size: 0).
2026-09-24 14:00:44,317 | INFO     | kaleido.kaleido | Waiting for all cleanups to finish.
2026-09-24 14:00:44,317 | INFO     | kaleido.kaleido | Exiting Kaleido.
2026-09-24 14:00:44,318 | INFO     | choreographer.utils._tmpfile | TemporaryDirectory.cleanup() worked.
2026-09-24 14:00:44,318 | INFO     | choreographer.utils._tmpfile | shutil.rmtree worked.
2026-09-24 14:00:44,318 | INFO     | choreographer.browser_async | Closing browser.
2026-09-24 14:00:44,391 | INFO     | choreographer.utils._tmpfile | TemporaryDirectory.cleanup() worked.
2026-09-24 14:00:44,392 | INFO     | choreographer.utils._tmpfile | shutil.rmtree worked.
2026-09-24 14:00:44,392 | INFO     | choreographer.browser_async | Closing browser.
2026-09-24 14:00:44,392 | INFO     | kaleido.kaleido | Cancelling tasks.
2026-09-24 14:00:44,392 | INFO     | kaleido.kaleido | Exiting Kaleido/Choreo.
2026-09-24 14:00:44,674 | INFO     | choreographer.utils._tmpfile | TemporaryDirectory.cleanup() worked.
2026-09-24 14:00:44,674 | INFO     | choreographer.utils._tmpfile | shutil.rmtree worked.
2026-09-24 14:00:44,674 | INFO     | kaleido.kaleido | Cancelling tasks.
2026-09-24 14:00:44,674 | INFO     | kaleido.kaleido | Exiting Kaleido/Choreo.
2026-09-24 14:00:44,676 | INFO     | modulos.graficos | Grafico generado: C:\Users\PC41\Desktop\Dev\Informe Diario\informe_precios\datos\evol_gas_3.png
2026-09-24 14:00:44,696 | INFO     | choreographer.browsers.chromium | Chromium init'ed with kwargs {}
2026-09-24 14:00:44,696 | INFO     | choreographer.browsers.chromium | Found chromium path: C:\Program Files (x86)\Google\Chrome\Application\chrome.exe
2026-09-24 14:00:44,696 | INFO     | choreographer.utils._tmpfile | Temp directory created: C:\Users\PC41\AppData\Local\Temp\tmpcrha2byc.
2026-09-24 14:00:44,697 | INFO     | choreographer.browser_async | Opening browser.
2026-09-24 14:00:44,697 | INFO     | choreographer.utils._tmpfile | Temp directory created: C:\Users\PC41\AppData\Local\Temp\tmpcppotsyy.
2026-09-24 14:00:44,697 | INFO     | choreographer.browsers.chromium | Temporary directory at: C:\Users\PC41\AppData\Local\Temp\tmpcppotsyy
2026-09-24 14:00:45,049 | INFO     | kaleido.kaleido | Conforming 1 to file:///C:/Users/PC41/AppData/Local/Temp/tmpcrha2byc/index.html
2026-09-24 14:00:46,558 | INFO     | kaleido.kaleido | Getting tab from queue (has 1)
2026-09-24 14:00:46,558 | INFO     | kaleido.kaleido | Got 1C63
2026-09-24 14:00:46,722 | INFO     | kaleido.kaleido | Reloading tab 1C63 before return.
2026-09-24 14:00:46,844 | INFO     | kaleido.kaleido | Putting tab 1C63 back (queue size: 0).
2026-09-24 14:00:46,844 | INFO     | kaleido.kaleido | Waiting for all cleanups to finish.
2026-09-24 14:00:46,844 | INFO     | kaleido.kaleido | Exiting Kaleido.
2026-09-24 14:00:46,845 | INFO     | choreographer.utils._tmpfile | TemporaryDirectory.cleanup() worked.
2026-09-24 14:00:46,845 | INFO     | choreographer.utils._tmpfile | shutil.rmtree worked.
2026-09-24 14:00:46,845 | INFO     | choreographer.browser_async | Closing browser.
2026-09-24 14:00:46,897 | INFO     | choreographer.utils._tmpfile | TemporaryDirectory.cleanup() worked.
2026-09-24 14:00:46,897 | INFO     | choreographer.utils._tmpfile | shutil.rmtree worked.
2026-09-24 14:00:46,897 | INFO     | choreographer.browser_async | Closing browser.
2026-09-24 14:00:46,897 | INFO     | kaleido.kaleido | Cancelling tasks.
2026-09-24 14:00:46,897 | INFO     | kaleido.kaleido | Exiting Kaleido/Choreo.
2026-09-24 14:00:47,111 | INFO     | choreographer.utils._tmpfile | TemporaryDirectory.cleanup() worked.
2026-09-24 14:00:47,112 | INFO     | choreographer.utils._tmpfile | shutil.rmtree worked.
2026-09-24 14:00:47,112 | INFO     | kaleido.kaleido | Cancelling tasks.
2026-09-24 14:00:47,112 | INFO     | kaleido.kaleido | Exiting Kaleido/Choreo.
2026-09-24 14:00:47,113 | INFO     | modulos.graficos | Grafico generado: C:\Users\PC41\Desktop\Dev\Informe Diario\informe_precios\datos\evol_mibgas.png
2026-09-24 14:00:47,138 | INFO     | choreographer.utils._tmpfile | TemporaryDirectory.cleanup() worked.
2026-09-24 14:00:47,138 | INFO     | choreographer.utils._tmpfile | shutil.rmtree worked.
2026-09-24 14:00:47,139 | INFO     | choreographer.utils._tmpfile | TemporaryDirectory.cleanup() worked.
2026-09-24 14:00:47,139 | INFO     | choreographer.utils._tmpfile | shutil.rmtree worked.
2026-09-24 14:00:47,139 | INFO     | choreographer.utils._tmpfile | TemporaryDirectory.cleanup() worked.
2026-09-24 14:00:47,139 | INFO     | choreographer.utils._tmpfile | shutil.rmtree worked.
2026-09-24 14:00:47,139 | INFO     | choreographer.utils._tmpfile | TemporaryDirectory.cleanup() worked.
2026-09-24 14:00:47,139 | INFO     | choreographer.utils._tmpfile | shutil.rmtree worked.
2026-09-24 14:00:47,140 | INFO     | choreographer.utils._tmpfile | TemporaryDirectory.cleanup() worked.
2026-09-24 14:00:47,140 | INFO     | choreographer.utils._tmpfile | shutil.rmtree worked.
2026-09-24 14:00:47,140 | INFO     | choreographer.utils._tmpfile | TemporaryDirectory.cleanup() worked.
2026-09-24 14:00:47,140 | INFO     | choreographer.utils._tmpfile | shutil.rmtree worked.
2026-09-24 14:00:48,264 | INFO     | modulos.generar_pdf | PDF generado: C:\Users\PC41\Desktop\Dev\Informe Diario\salida\Informe Precio Diario 24.09.2026.pdf
2026-09-24 14:00:48,265 | INFO     | informe | === Informe completado: C:\Users\PC41\Desktop\Dev\Informe Diario\salida\Informe Precio Diario 24.09.2026.pdf ===
2026-09-24 14:00:48,270 | INFO     | modulos.contactos | Destinatarios (2): tbrellenthin@medhesa.es, esanroman@medhesa.es
2026-09-24 14:00:48,423 | INFO     | modulos.enviar_correo | Imágenes de la firma (1): image001.jpg
2026-09-24 14:00:48,537 | INFO     | modulos.enviar_correo | Enviado a tbrellenthin@medhesa.es
2026-09-24 14:00:48,661 | INFO     | modulos.enviar_correo | Enviado a esanroman@medhesa.es
2026-09-24 14:00:48,668 | INFO     | informe | Informe enviado a 2 destinatarios
2026-09-24 14:00:48,729 | INFO     | choreographer.utils._tmpfile | TemporaryDirectory.cleanup() worked.
2026-09-24 14:00:48,730 | INFO     | choreographer.utils._tmpfile | shutil.rmtree worked.
2026-09-25 14:00:05,927 | INFO     | informe | Log de ejecución: C:\Users\PC41\Desktop\Dev\Informe Diario\salida\generar_informe.log
2026-09-25 14:00:05,945 | INFO     | modulos.cargar_historicos | Ya existe historico_omip_electricidad.csv, se omite importacion de electricidad
2026-09-25 14:00:05,945 | INFO     | modulos.cargar_historicos | Ya existe historico_omip_gas.csv, se omite importacion de gas
2026-09-25 14:00:05,946 | INFO     | modulos.cargar_historicos | Ya existe historico_mibgas.csv, se omite importación de MIBGAS historico
2026-09-25 14:00:05,946 | INFO     | informe | === Fecha de informe: 2026-09-25 00:00:00 (entrega mañana: 2026-09-26 00:00:00) ===
2026-09-25 14:00:05,956 | INFO     | modulos.descargar_omie | Descargando OMIE 2026-09-26 (https://www.omie.es/en/file-download?parents=marginalpdbc&filename=marginalpdbc_20260926.1)
2026-09-25 14:00:06,602 | WARNING  | modulos.descargar_omie | OMIE 2026-09-26: archivo marginalpdbc no disponible (OMIE no disponible para 2026-09-26 (HTTP 404)); probando pagina
2026-09-25 14:00:06,602 | INFO     | modulos.descargar_omie | Descargando OMIE pagina 2026-09-26 (https://www.omie.es/es/market-results/daily/daily-market/day-ahead-price {'date': '2026-09-26', 'scope': 'daily', 'period': '60', 'op': 'Buscar'})
2026-09-25 14:00:07,163 | INFO     | modulos.descargar_omie | OMIE 2026-09-26 obtenido de la pagina omie.es
2026-09-25 14:00:07,173 | INFO     | modulos.descargar_omie | OMIE acumulado: 264 filas (dia 2026-09-26)
2026-09-25 14:00:07,176 | INFO     | modulos.descargar_omip | Descargando OMIP EL FTB (2026-09-26)
2026-09-25 14:00:08,446 | INFO     | modulos.descargar_omip | OMIP EL FTB: Base Octubre - 2026 = 133.2
2026-09-25 14:00:08,446 | INFO     | modulos.descargar_omip | OMIP EL FTB: Base Noviembre - 2026 = 147.83
2026-09-25 14:00:08,446 | INFO     | modulos.descargar_omip | OMIP EL FTB: Base Diciembre - 2026 = 143.24
2026-09-25 14:00:08,446 | INFO     | modulos.descargar_omip | OMIP EL FTB: Base 4º Trim. - 2026 = 141.35
2026-09-25 14:00:08,446 | INFO     | modulos.descargar_omip | OMIP EL FTB: Base 1º Trim. - 2027 = 117.5
2026-09-25 14:00:08,446 | INFO     | modulos.descargar_omip | OMIP EL FTB: Base 2º Trim. - 2027 = 57.49
2026-09-25 14:00:08,446 | INFO     | modulos.descargar_omip | OMIP EL FTB: Base Año - 2027 = 87.9
2026-09-25 14:00:08,446 | INFO     | modulos.descargar_omip | OMIP EL FTB: Base Año - 2028 = 61.0
2026-09-25 14:00:08,446 | INFO     | modulos.descargar_omip | OMIP EL FTB: Base Año - 2029 = 58.75
2026-09-25 14:00:08,466 | INFO     | modulos.descargar_omip | Descargando OMIP NG FGF (2026-09-26)
2026-09-25 14:00:09,596 | INFO     | modulos.descargar_omip | OMIP NG FGF: Base Octubre - 2026 = 74.8
2026-09-25 14:00:09,596 | INFO     | modulos.descargar_omip | OMIP NG FGF: Base Noviembre - 2026 = 74.8
2026-09-25 14:00:09,596 | INFO     | modulos.descargar_omip | OMIP NG FGF: Base Diciembre - 2026 = 73.91
2026-09-25 14:00:09,596 | INFO     | modulos.descargar_omip | OMIP NG FGF: Base 4º Trim. - 2026 = 74.5
2026-09-25 14:00:09,596 | INFO     | modulos.descargar_omip | OMIP NG FGF: Base 1º Trim. - 2027 = 72.78
2026-09-25 14:00:09,596 | INFO     | modulos.descargar_omip | OMIP NG FGF: Base 2º Trim. - 2027 = 55.41
2026-09-25 14:00:09,596 | INFO     | modulos.descargar_omip | OMIP NG FGF: Base Año - 2027 = 57.7
2026-09-25 14:00:09,596 | INFO     | modulos.descargar_omip | OMIP NG FGF: Base Año - 2028 = 37.7
2026-09-25 14:00:09,600 | INFO     | modulos.descargar_mibgas | Descargando MIBGAS anual 2026 (https://www.mibgas.es/en/file-access/MIBGAS_Data_2026.xlsx?path=AGNO_2026/XLS)
2026-09-25 14:00:16,532 | INFO     | modulos.descargar_mibgas | MIBGAS actualizado: 2498 filas (2026)
2026-09-25 14:00:16,535 | INFO     | informe | Precio medio OMIE mañana (2026-09-26 00:00:00): 130.62
2026-09-25 14:00:16,537 | INFO     | informe | Precio MIBGAS hoy (2026-09-25): 76.56
2026-09-25 14:00:17,270 | INFO     | choreographer.browsers.chromium | Chromium init'ed with kwargs {}
2026-09-25 14:00:17,284 | INFO     | choreographer.browsers.chromium | Found chromium path: C:\Program Files (x86)\Google\Chrome\Application\chrome.exe
2026-09-25 14:00:17,286 | INFO     | choreographer.utils._tmpfile | Temp directory created: C:\Users\PC41\AppData\Local\Temp\tmpd0doxdkc.
2026-09-25 14:00:17,286 | INFO     | choreographer.browser_async | Opening browser.
2026-09-25 14:00:17,302 | INFO     | choreographer.utils._tmpfile | Temp directory created: C:\Users\PC41\AppData\Local\Temp\tmpxtqx3nz0.
2026-09-25 14:00:17,302 | INFO     | choreographer.browsers.chromium | Temporary directory at: C:\Users\PC41\AppData\Local\Temp\tmpxtqx3nz0
2026-09-25 14:00:19,997 | INFO     | kaleido.kaleido | Conforming 1 to file:///C:/Users/PC41/AppData/Local/Temp/tmpd0doxdkc/index.html
2026-09-25 14:00:21,847 | INFO     | kaleido.kaleido | Getting tab from queue (has 1)
2026-09-25 14:00:21,847 | INFO     | kaleido.kaleido | Got 6DC5
2026-09-25 14:00:22,042 | INFO     | kaleido.kaleido | Reloading tab 6DC5 before return.
2026-09-25 14:00:22,185 | INFO     | kaleido.kaleido | Putting tab 6DC5 back (queue size: 0).
2026-09-25 14:00:22,185 | INFO     | kaleido.kaleido | Waiting for all cleanups to finish.
2026-09-25 14:00:22,185 | INFO     | kaleido.kaleido | Exiting Kaleido.
2026-09-25 14:00:22,187 | INFO     | choreographer.utils._tmpfile | TemporaryDirectory.cleanup() worked.
2026-09-25 14:00:22,188 | INFO     | choreographer.utils._tmpfile | shutil.rmtree worked.
2026-09-25 14:00:22,188 | INFO     | choreographer.browser_async | Closing browser.
2026-09-25 14:00:22,261 | INFO     | choreographer.utils._tmpfile | TemporaryDirectory.cleanup() worked.
2026-09-25 14:00:22,261 | INFO     | choreographer.utils._tmpfile | shutil.rmtree worked.
2026-09-25 14:00:22,261 | INFO     | choreographer.browser_async | Closing browser.
2026-09-25 14:00:22,262 | INFO     | kaleido.kaleido | Cancelling tasks.
2026-09-25 14:00:22,262 | INFO     | kaleido.kaleido | Exiting Kaleido/Choreo.
2026-09-25 14:00:22,571 | INFO     | choreographer.utils._tmpfile | TemporaryDirectory.cleanup() worked.
2026-09-25 14:00:22,571 | INFO     | choreographer.utils._tmpfile | shutil.rmtree worked.
2026-09-25 14:00:22,571 | INFO     | kaleido.kaleido | Cancelling tasks.
2026-09-25 14:00:22,571 | INFO     | kaleido.kaleido | Exiting Kaleido/Choreo.
2026-09-25 14:00:22,572 | INFO     | modulos.graficos | Grafico generado: C:\Users\PC41\Desktop\Dev\Informe Diario\informe_precios\datos\grafico_horario_omie.png
2026-09-25 14:00:22,616 | INFO     | choreographer.utils._tmpfile | TemporaryDirectory.cleanup() worked.
2026-09-25 14:00:22,616 | INFO     | choreographer.utils._tmpfile | shutil.rmtree worked.
2026-09-25 14:00:22,889 | INFO     | choreographer.browsers.chromium | Chromium init'ed with kwargs {}
2026-09-25 14:00:22,889 | INFO     | choreographer.browsers.chromium | Found chromium path: C:\Program Files (x86)\Google\Chrome\Application\chrome.exe
2026-09-25 14:00:22,890 | INFO     | choreographer.utils._tmpfile | Temp directory created: C:\Users\PC41\AppData\Local\Temp\tmp83fsdq7o.
2026-09-25 14:00:22,890 | INFO     | choreographer.browser_async | Opening browser.
2026-09-25 14:00:22,891 | INFO     | choreographer.utils._tmpfile | Temp directory created: C:\Users\PC41\AppData\Local\Temp\tmpr875c5dx.
2026-09-25 14:00:22,891 | INFO     | choreographer.browsers.chromium | Temporary directory at: C:\Users\PC41\AppData\Local\Temp\tmpr875c5dx
2026-09-25 14:00:23,528 | INFO     | kaleido.kaleido | Conforming 1 to file:///C:/Users/PC41/AppData/Local/Temp/tmp83fsdq7o/index.html
2026-09-25 14:00:25,032 | INFO     | kaleido.kaleido | Getting tab from queue (has 1)
2026-09-25 14:00:25,033 | INFO     | kaleido.kaleido | Got A0E1
2026-09-25 14:00:25,158 | INFO     | kaleido.kaleido | Reloading tab A0E1 before return.
2026-09-25 14:00:25,276 | INFO     | kaleido.kaleido | Putting tab A0E1 back (queue size: 0).
2026-09-25 14:00:25,276 | INFO     | kaleido.kaleido | Waiting for all cleanups to finish.
2026-09-25 14:00:25,276 | INFO     | kaleido.kaleido | Exiting Kaleido.
2026-09-25 14:00:25,277 | INFO     | choreographer.utils._tmpfile | TemporaryDirectory.cleanup() worked.
2026-09-25 14:00:25,277 | INFO     | choreographer.utils._tmpfile | shutil.rmtree worked.
2026-09-25 14:00:25,277 | INFO     | choreographer.browser_async | Closing browser.
2026-09-25 14:00:25,311 | INFO     | choreographer.utils._tmpfile | TemporaryDirectory.cleanup() worked.
2026-09-25 14:00:25,311 | INFO     | choreographer.utils._tmpfile | shutil.rmtree worked.
2026-09-25 14:00:25,311 | INFO     | choreographer.browser_async | Closing browser.
2026-09-25 14:00:25,311 | INFO     | kaleido.kaleido | Cancelling tasks.
2026-09-25 14:00:25,311 | INFO     | kaleido.kaleido | Exiting Kaleido/Choreo.
2026-09-25 14:00:25,552 | INFO     | choreographer.utils._tmpfile | TemporaryDirectory.cleanup() worked.
2026-09-25 14:00:25,552 | INFO     | choreographer.utils._tmpfile | shutil.rmtree worked.
2026-09-25 14:00:25,552 | INFO     | kaleido.kaleido | Cancelling tasks.
2026-09-25 14:00:25,552 | INFO     | kaleido.kaleido | Exiting Kaleido/Choreo.
2026-09-25 14:00:25,553 | INFO     | modulos.graficos | Grafico generado: C:\Users\PC41\Desktop\Dev\Informe Diario\informe_precios\datos\evol_elec_0.png
2026-09-25 14:00:25,573 | INFO     | choreographer.browsers.chromium | Chromium init'ed with kwargs {}
2026-09-25 14:00:25,574 | INFO     | choreographer.browsers.chromium | Found chromium path: C:\Program Files (x86)\Google\Chrome\Application\chrome.exe
2026-09-25 14:00:25,574 | INFO     | choreographer.utils._tmpfile | Temp directory created: C:\Users\PC41\AppData\Local\Temp\tmp6n37c7yf.
2026-09-25 14:00:25,575 | INFO     | choreographer.browser_async | Opening browser.
2026-09-25 14:00:25,575 | INFO     | choreographer.utils._tmpfile | Temp directory created: C:\Users\PC41\AppData\Local\Temp\tmpekwmg9xo.
2026-09-25 14:00:25,575 | INFO     | choreographer.browsers.chromium | Temporary directory at: C:\Users\PC41\AppData\Local\Temp\tmpekwmg9xo
2026-09-25 14:00:26,011 | INFO     | kaleido.kaleido | Conforming 1 to file:///C:/Users/PC41/AppData/Local/Temp/tmp6n37c7yf/index.html
2026-09-25 14:00:27,679 | INFO     | kaleido.kaleido | Getting tab from queue (has 1)
2026-09-25 14:00:27,679 | INFO     | kaleido.kaleido | Got 57A1
2026-09-25 14:00:27,798 | INFO     | kaleido.kaleido | Reloading tab 57A1 before return.
2026-09-25 14:00:27,943 | INFO     | kaleido.kaleido | Putting tab 57A1 back (queue size: 0).
2026-09-25 14:00:27,943 | INFO     | kaleido.kaleido | Waiting for all cleanups to finish.
2026-09-25 14:00:27,943 | INFO     | kaleido.kaleido | Exiting Kaleido.
2026-09-25 14:00:27,944 | INFO     | choreographer.utils._tmpfile | TemporaryDirectory.cleanup() worked.
2026-09-25 14:00:27,944 | INFO     | choreographer.utils._tmpfile | shutil.rmtree worked.
2026-09-25 14:00:27,944 | INFO     | choreographer.browser_async | Closing browser.
2026-09-25 14:00:27,980 | INFO     | choreographer.utils._tmpfile | TemporaryDirectory.cleanup() worked.
2026-09-25 14:00:27,980 | INFO     | choreographer.utils._tmpfile | shutil.rmtree worked.
2026-09-25 14:00:27,980 | INFO     | choreographer.browser_async | Closing browser.
2026-09-25 14:00:27,980 | INFO     | kaleido.kaleido | Cancelling tasks.
2026-09-25 14:00:27,980 | INFO     | kaleido.kaleido | Exiting Kaleido/Choreo.
2026-09-25 14:00:28,235 | INFO     | choreographer.utils._tmpfile | TemporaryDirectory.cleanup() worked.
2026-09-25 14:00:28,235 | INFO     | choreographer.utils._tmpfile | shutil.rmtree worked.
2026-09-25 14:00:28,235 | INFO     | kaleido.kaleido | Cancelling tasks.
2026-09-25 14:00:28,236 | INFO     | kaleido.kaleido | Exiting Kaleido/Choreo.
2026-09-25 14:00:28,237 | INFO     | modulos.graficos | Grafico generado: C:\Users\PC41\Desktop\Dev\Informe Diario\informe_precios\datos\evol_elec_1.png
2026-09-25 14:00:28,252 | INFO     | choreographer.utils._tmpfile | TemporaryDirectory.cleanup() worked.
2026-09-25 14:00:28,252 | INFO     | choreographer.utils._tmpfile | shutil.rmtree worked.
2026-09-25 14:00:28,252 | INFO     | choreographer.utils._tmpfile | TemporaryDirectory.cleanup() worked.
2026-09-25 14:00:28,252 | INFO     | choreographer.utils._tmpfile | shutil.rmtree worked.
2026-09-25 14:00:28,262 | INFO     | choreographer.browsers.chromium | Chromium init'ed with kwargs {}
2026-09-25 14:00:28,263 | INFO     | choreographer.browsers.chromium | Found chromium path: C:\Program Files (x86)\Google\Chrome\Application\chrome.exe
2026-09-25 14:00:28,263 | INFO     | choreographer.utils._tmpfile | Temp directory created: C:\Users\PC41\AppData\Local\Temp\tmpg_jon9pf.
2026-09-25 14:00:28,263 | INFO     | choreographer.browser_async | Opening browser.
2026-09-25 14:00:28,264 | INFO     | choreographer.utils._tmpfile | Temp directory created: C:\Users\PC41\AppData\Local\Temp\tmpr49nrvbb.
2026-09-25 14:00:28,264 | INFO     | choreographer.browsers.chromium | Temporary directory at: C:\Users\PC41\AppData\Local\Temp\tmpr49nrvbb
2026-09-25 14:00:28,721 | INFO     | kaleido.kaleido | Conforming 1 to file:///C:/Users/PC41/AppData/Local/Temp/tmpg_jon9pf/index.html
2026-09-25 14:00:30,186 | INFO     | kaleido.kaleido | Getting tab from queue (has 1)
2026-09-25 14:00:30,186 | INFO     | kaleido.kaleido | Got 9003
2026-09-25 14:00:30,303 | INFO     | kaleido.kaleido | Reloading tab 9003 before return.
2026-09-25 14:00:30,437 | INFO     | kaleido.kaleido | Putting tab 9003 back (queue size: 0).
2026-09-25 14:00:30,437 | INFO     | kaleido.kaleido | Waiting for all cleanups to finish.
2026-09-25 14:00:30,437 | INFO     | kaleido.kaleido | Exiting Kaleido.
2026-09-25 14:00:30,438 | INFO     | choreographer.utils._tmpfile | TemporaryDirectory.cleanup() worked.
2026-09-25 14:00:30,439 | INFO     | choreographer.utils._tmpfile | shutil.rmtree worked.
2026-09-25 14:00:30,439 | INFO     | choreographer.browser_async | Closing browser.
2026-09-25 14:00:30,477 | INFO     | choreographer.utils._tmpfile | TemporaryDirectory.cleanup() worked.
2026-09-25 14:00:30,478 | INFO     | choreographer.utils._tmpfile | shutil.rmtree worked.
2026-09-25 14:00:30,479 | INFO     | choreographer.browser_async | Closing browser.
2026-09-25 14:00:30,482 | INFO     | kaleido.kaleido | Cancelling tasks.
2026-09-25 14:00:30,482 | INFO     | kaleido.kaleido | Exiting Kaleido/Choreo.
2026-09-25 14:00:30,770 | INFO     | choreographer.utils._tmpfile | TemporaryDirectory.cleanup() worked.
2026-09-25 14:00:30,770 | INFO     | choreographer.utils._tmpfile | shutil.rmtree worked.
2026-09-25 14:00:30,770 | INFO     | kaleido.kaleido | Cancelling tasks.
2026-09-25 14:00:30,770 | INFO     | kaleido.kaleido | Exiting Kaleido/Choreo.
2026-09-25 14:00:30,771 | INFO     | modulos.graficos | Grafico generado: C:\Users\PC41\Desktop\Dev\Informe Diario\informe_precios\datos\evol_elec_2.png
2026-09-25 14:00:30,791 | INFO     | choreographer.browsers.chromium | Chromium init'ed with kwargs {}
2026-09-25 14:00:30,792 | INFO     | choreographer.browsers.chromium | Found chromium path: C:\Program Files (x86)\Google\Chrome\Application\chrome.exe
2026-09-25 14:00:30,792 | INFO     | choreographer.utils._tmpfile | Temp directory created: C:\Users\PC41\AppData\Local\Temp\tmpg982i0y_.
2026-09-25 14:00:30,793 | INFO     | choreographer.browser_async | Opening browser.
2026-09-25 14:00:30,793 | INFO     | choreographer.utils._tmpfile | Temp directory created: C:\Users\PC41\AppData\Local\Temp\tmpc7v7_778.
2026-09-25 14:00:30,793 | INFO     | choreographer.browsers.chromium | Temporary directory at: C:\Users\PC41\AppData\Local\Temp\tmpc7v7_778
2026-09-25 14:00:31,306 | INFO     | kaleido.kaleido | Conforming 1 to file:///C:/Users/PC41/AppData/Local/Temp/tmpg982i0y_/index.html
2026-09-25 14:00:32,846 | INFO     | kaleido.kaleido | Getting tab from queue (has 1)
2026-09-25 14:00:32,846 | INFO     | kaleido.kaleido | Got 9B7F
2026-09-25 14:00:32,977 | INFO     | kaleido.kaleido | Reloading tab 9B7F before return.
2026-09-25 14:00:33,098 | INFO     | kaleido.kaleido | Putting tab 9B7F back (queue size: 0).
2026-09-25 14:00:33,098 | INFO     | kaleido.kaleido | Waiting for all cleanups to finish.
2026-09-25 14:00:33,098 | INFO     | kaleido.kaleido | Exiting Kaleido.
2026-09-25 14:00:33,099 | INFO     | choreographer.utils._tmpfile | TemporaryDirectory.cleanup() worked.
2026-09-25 14:00:33,099 | INFO     | choreographer.utils._tmpfile | shutil.rmtree worked.
2026-09-25 14:00:33,099 | INFO     | choreographer.browser_async | Closing browser.
2026-09-25 14:00:33,150 | INFO     | choreographer.utils._tmpfile | TemporaryDirectory.cleanup() worked.
2026-09-25 14:00:33,150 | INFO     | choreographer.utils._tmpfile | shutil.rmtree worked.
2026-09-25 14:00:33,151 | INFO     | choreographer.browser_async | Closing browser.
2026-09-25 14:00:33,151 | INFO     | kaleido.kaleido | Cancelling tasks.
2026-09-25 14:00:33,151 | INFO     | kaleido.kaleido | Exiting Kaleido/Choreo.
2026-09-25 14:00:33,391 | INFO     | choreographer.utils._tmpfile | TemporaryDirectory.cleanup() worked.
2026-09-25 14:00:33,391 | INFO     | choreographer.utils._tmpfile | shutil.rmtree worked.
2026-09-25 14:00:33,391 | INFO     | kaleido.kaleido | Cancelling tasks.
2026-09-25 14:00:33,391 | INFO     | kaleido.kaleido | Exiting Kaleido/Choreo.
2026-09-25 14:00:33,393 | INFO     | modulos.graficos | Grafico generado: C:\Users\PC41\Desktop\Dev\Informe Diario\informe_precios\datos\evol_elec_3.png
2026-09-25 14:00:33,416 | INFO     | choreographer.browsers.chromium | Chromium init'ed with kwargs {}
2026-09-25 14:00:33,416 | INFO     | choreographer.browsers.chromium | Found chromium path: C:\Program Files (x86)\Google\Chrome\Application\chrome.exe
2026-09-25 14:00:33,416 | INFO     | choreographer.utils._tmpfile | Temp directory created: C:\Users\PC41\AppData\Local\Temp\tmpbnafa56c.
2026-09-25 14:00:33,417 | INFO     | choreographer.browser_async | Opening browser.
2026-09-25 14:00:33,417 | INFO     | choreographer.utils._tmpfile | Temp directory created: C:\Users\PC41\AppData\Local\Temp\tmpo_3pbx5l.
2026-09-25 14:00:33,417 | INFO     | choreographer.browsers.chromium | Temporary directory at: C:\Users\PC41\AppData\Local\Temp\tmpo_3pbx5l
2026-09-25 14:00:33,930 | INFO     | kaleido.kaleido | Conforming 1 to file:///C:/Users/PC41/AppData/Local/Temp/tmpbnafa56c/index.html
2026-09-25 14:00:35,413 | INFO     | kaleido.kaleido | Getting tab from queue (has 1)
2026-09-25 14:00:35,413 | INFO     | kaleido.kaleido | Got 5ADC
2026-09-25 14:00:35,535 | INFO     | kaleido.kaleido | Reloading tab 5ADC before return.
2026-09-25 14:00:35,663 | INFO     | kaleido.kaleido | Putting tab 5ADC back (queue size: 0).
2026-09-25 14:00:35,663 | INFO     | kaleido.kaleido | Waiting for all cleanups to finish.
2026-09-25 14:00:35,663 | INFO     | kaleido.kaleido | Exiting Kaleido.
2026-09-25 14:00:35,664 | INFO     | choreographer.utils._tmpfile | TemporaryDirectory.cleanup() worked.
2026-09-25 14:00:35,664 | INFO     | choreographer.utils._tmpfile | shutil.rmtree worked.
2026-09-25 14:00:35,664 | INFO     | choreographer.browser_async | Closing browser.
2026-09-25 14:00:35,720 | INFO     | choreographer.utils._tmpfile | TemporaryDirectory.cleanup() worked.
2026-09-25 14:00:35,721 | INFO     | choreographer.utils._tmpfile | shutil.rmtree worked.
2026-09-25 14:00:35,721 | INFO     | choreographer.browser_async | Closing browser.
2026-09-25 14:00:35,721 | INFO     | kaleido.kaleido | Cancelling tasks.
2026-09-25 14:00:35,721 | INFO     | kaleido.kaleido | Exiting Kaleido/Choreo.
2026-09-25 14:00:35,932 | INFO     | choreographer.utils._tmpfile | TemporaryDirectory.cleanup() worked.
2026-09-25 14:00:35,933 | INFO     | choreographer.utils._tmpfile | shutil.rmtree worked.
2026-09-25 14:00:35,933 | INFO     | kaleido.kaleido | Cancelling tasks.
2026-09-25 14:00:35,933 | INFO     | kaleido.kaleido | Exiting Kaleido/Choreo.
2026-09-25 14:00:35,934 | INFO     | modulos.graficos | Grafico generado: C:\Users\PC41\Desktop\Dev\Informe Diario\informe_precios\datos\evol_gas_0.png
2026-09-25 14:00:35,955 | INFO     | choreographer.browsers.chromium | Chromium init'ed with kwargs {}
2026-09-25 14:00:35,956 | INFO     | choreographer.browsers.chromium | Found chromium path: C:\Program Files (x86)\Google\Chrome\Application\chrome.exe
2026-09-25 14:00:35,956 | INFO     | choreographer.utils._tmpfile | Temp directory created: C:\Users\PC41\AppData\Local\Temp\tmpoi99149u.
2026-09-25 14:00:35,956 | INFO     | choreographer.browser_async | Opening browser.
2026-09-25 14:00:35,957 | INFO     | choreographer.utils._tmpfile | Temp directory created: C:\Users\PC41\AppData\Local\Temp\tmpsvn8p9we.
2026-09-25 14:00:35,957 | INFO     | choreographer.browsers.chromium | Temporary directory at: C:\Users\PC41\AppData\Local\Temp\tmpsvn8p9we
2026-09-25 14:00:36,524 | INFO     | kaleido.kaleido | Conforming 1 to file:///C:/Users/PC41/AppData/Local/Temp/tmpoi99149u/index.html
2026-09-25 14:00:38,113 | INFO     | kaleido.kaleido | Getting tab from queue (has 1)
2026-09-25 14:00:38,113 | INFO     | kaleido.kaleido | Got E1B5
2026-09-25 14:00:38,235 | INFO     | kaleido.kaleido | Reloading tab E1B5 before return.
2026-09-25 14:00:38,366 | INFO     | kaleido.kaleido | Putting tab E1B5 back (queue size: 0).
2026-09-25 14:00:38,367 | INFO     | kaleido.kaleido | Waiting for all cleanups to finish.
2026-09-25 14:00:38,367 | INFO     | kaleido.kaleido | Exiting Kaleido.
2026-09-25 14:00:38,367 | INFO     | choreographer.utils._tmpfile | TemporaryDirectory.cleanup() worked.
2026-09-25 14:00:38,368 | INFO     | choreographer.utils._tmpfile | shutil.rmtree worked.
2026-09-25 14:00:38,368 | INFO     | choreographer.browser_async | Closing browser.
2026-09-25 14:00:38,419 | INFO     | choreographer.utils._tmpfile | TemporaryDirectory.cleanup() worked.
2026-09-25 14:00:38,419 | INFO     | choreographer.utils._tmpfile | shutil.rmtree worked.
2026-09-25 14:00:38,419 | INFO     | choreographer.browser_async | Closing browser.
2026-09-25 14:00:38,419 | INFO     | kaleido.kaleido | Cancelling tasks.
2026-09-25 14:00:38,420 | INFO     | kaleido.kaleido | Exiting Kaleido/Choreo.
2026-09-25 14:00:38,692 | INFO     | choreographer.utils._tmpfile | TemporaryDirectory.cleanup() worked.
2026-09-25 14:00:38,692 | INFO     | choreographer.utils._tmpfile | shutil.rmtree worked.
2026-09-25 14:00:38,692 | INFO     | kaleido.kaleido | Cancelling tasks.
2026-09-25 14:00:38,692 | INFO     | kaleido.kaleido | Exiting Kaleido/Choreo.
2026-09-25 14:00:38,693 | INFO     | modulos.graficos | Grafico generado: C:\Users\PC41\Desktop\Dev\Informe Diario\informe_precios\datos\evol_gas_1.png
2026-09-25 14:00:38,714 | INFO     | choreographer.browsers.chromium | Chromium init'ed with kwargs {}
2026-09-25 14:00:38,714 | INFO     | choreographer.browsers.chromium | Found chromium path: C:\Program Files (x86)\Google\Chrome\Application\chrome.exe
2026-09-25 14:00:38,715 | INFO     | choreographer.utils._tmpfile | Temp directory created: C:\Users\PC41\AppData\Local\Temp\tmpdtj93uu6.
2026-09-25 14:00:38,715 | INFO     | choreographer.browser_async | Opening browser.
2026-09-25 14:00:38,716 | INFO     | choreographer.utils._tmpfile | Temp directory created: C:\Users\PC41\AppData\Local\Temp\tmpj3g7yx11.
2026-09-25 14:00:38,716 | INFO     | choreographer.browsers.chromium | Temporary directory at: C:\Users\PC41\AppData\Local\Temp\tmpj3g7yx11
2026-09-25 14:00:39,253 | INFO     | kaleido.kaleido | Conforming 1 to file:///C:/Users/PC41/AppData/Local/Temp/tmpdtj93uu6/index.html
2026-09-25 14:00:40,712 | INFO     | kaleido.kaleido | Getting tab from queue (has 1)
2026-09-25 14:00:40,712 | INFO     | kaleido.kaleido | Got 3E94
2026-09-25 14:00:40,829 | INFO     | kaleido.kaleido | Reloading tab 3E94 before return.
2026-09-25 14:00:40,954 | INFO     | kaleido.kaleido | Putting tab 3E94 back (queue size: 0).
2026-09-25 14:00:40,954 | INFO     | kaleido.kaleido | Waiting for all cleanups to finish.
2026-09-25 14:00:40,954 | INFO     | kaleido.kaleido | Exiting Kaleido.
2026-09-25 14:00:40,955 | INFO     | choreographer.utils._tmpfile | TemporaryDirectory.cleanup() worked.
2026-09-25 14:00:40,955 | INFO     | choreographer.utils._tmpfile | shutil.rmtree worked.
2026-09-25 14:00:40,955 | INFO     | choreographer.browser_async | Closing browser.
2026-09-25 14:00:41,007 | INFO     | choreographer.utils._tmpfile | TemporaryDirectory.cleanup() worked.
2026-09-25 14:00:41,008 | INFO     | choreographer.utils._tmpfile | shutil.rmtree worked.
2026-09-25 14:00:41,008 | INFO     | choreographer.browser_async | Closing browser.
2026-09-25 14:00:41,008 | INFO     | kaleido.kaleido | Cancelling tasks.
2026-09-25 14:00:41,008 | INFO     | kaleido.kaleido | Exiting Kaleido/Choreo.
2026-09-25 14:00:41,325 | INFO     | choreographer.utils._tmpfile | TemporaryDirectory.cleanup() worked.
2026-09-25 14:00:41,326 | INFO     | choreographer.utils._tmpfile | shutil.rmtree worked.
2026-09-25 14:00:41,326 | INFO     | kaleido.kaleido | Cancelling tasks.
2026-09-25 14:00:41,326 | INFO     | kaleido.kaleido | Exiting Kaleido/Choreo.
2026-09-25 14:00:41,328 | INFO     | modulos.graficos | Grafico generado: C:\Users\PC41\Desktop\Dev\Informe Diario\informe_precios\datos\evol_gas_2.png
2026-09-25 14:00:41,348 | INFO     | choreographer.browsers.chromium | Chromium init'ed with kwargs {}
2026-09-25 14:00:41,349 | INFO     | choreographer.browsers.chromium | Found chromium path: C:\Program Files (x86)\Google\Chrome\Application\chrome.exe
2026-09-25 14:00:41,349 | INFO     | choreographer.utils._tmpfile | Temp directory created: C:\Users\PC41\AppData\Local\Temp\tmpd4t48axj.
2026-09-25 14:00:41,350 | INFO     | choreographer.browser_async | Opening browser.
2026-09-25 14:00:41,350 | INFO     | choreographer.utils._tmpfile | Temp directory created: C:\Users\PC41\AppData\Local\Temp\tmph9ma7tcr.
2026-09-25 14:00:41,350 | INFO     | choreographer.browsers.chromium | Temporary directory at: C:\Users\PC41\AppData\Local\Temp\tmph9ma7tcr
2026-09-25 14:00:41,838 | INFO     | kaleido.kaleido | Conforming 1 to file:///C:/Users/PC41/AppData/Local/Temp/tmpd4t48axj/index.html
2026-09-25 14:00:43,264 | INFO     | kaleido.kaleido | Getting tab from queue (has 1)
2026-09-25 14:00:43,264 | INFO     | kaleido.kaleido | Got 2C55
2026-09-25 14:00:43,391 | INFO     | kaleido.kaleido | Reloading tab 2C55 before return.
2026-09-25 14:00:43,517 | INFO     | kaleido.kaleido | Putting tab 2C55 back (queue size: 0).
2026-09-25 14:00:43,517 | INFO     | kaleido.kaleido | Waiting for all cleanups to finish.
2026-09-25 14:00:43,517 | INFO     | kaleido.kaleido | Exiting Kaleido.
2026-09-25 14:00:43,519 | INFO     | choreographer.utils._tmpfile | TemporaryDirectory.cleanup() worked.
2026-09-25 14:00:43,519 | INFO     | choreographer.utils._tmpfile | shutil.rmtree worked.
2026-09-25 14:00:43,519 | INFO     | choreographer.browser_async | Closing browser.
2026-09-25 14:00:43,565 | INFO     | choreographer.utils._tmpfile | TemporaryDirectory.cleanup() worked.
2026-09-25 14:00:43,565 | INFO     | choreographer.utils._tmpfile | shutil.rmtree worked.
2026-09-25 14:00:43,565 | INFO     | choreographer.browser_async | Closing browser.
2026-09-25 14:00:43,565 | INFO     | kaleido.kaleido | Cancelling tasks.
2026-09-25 14:00:43,565 | INFO     | kaleido.kaleido | Exiting Kaleido/Choreo.
2026-09-25 14:00:43,831 | INFO     | choreographer.utils._tmpfile | TemporaryDirectory.cleanup() worked.
2026-09-25 14:00:43,831 | INFO     | choreographer.utils._tmpfile | shutil.rmtree worked.
2026-09-25 14:00:43,831 | INFO     | kaleido.kaleido | Cancelling tasks.
2026-09-25 14:00:43,832 | INFO     | kaleido.kaleido | Exiting Kaleido/Choreo.
2026-09-25 14:00:43,833 | INFO     | modulos.graficos | Grafico generado: C:\Users\PC41\Desktop\Dev\Informe Diario\informe_precios\datos\evol_gas_3.png
2026-09-25 14:00:43,848 | INFO     | choreographer.utils._tmpfile | TemporaryDirectory.cleanup() worked.
2026-09-25 14:00:43,848 | INFO     | choreographer.utils._tmpfile | shutil.rmtree worked.
2026-09-25 14:00:43,849 | INFO     | choreographer.utils._tmpfile | TemporaryDirectory.cleanup() worked.
2026-09-25 14:00:43,849 | INFO     | choreographer.utils._tmpfile | shutil.rmtree worked.
2026-09-25 14:00:43,849 | INFO     | choreographer.utils._tmpfile | TemporaryDirectory.cleanup() worked.
2026-09-25 14:00:43,849 | INFO     | choreographer.utils._tmpfile | shutil.rmtree worked.
2026-09-25 14:00:43,849 | INFO     | choreographer.utils._tmpfile | TemporaryDirectory.cleanup() worked.
2026-09-25 14:00:43,849 | INFO     | choreographer.utils._tmpfile | shutil.rmtree worked.
2026-09-25 14:00:43,850 | INFO     | choreographer.utils._tmpfile | TemporaryDirectory.cleanup() worked.
2026-09-25 14:00:43,850 | INFO     | choreographer.utils._tmpfile | shutil.rmtree worked.
2026-09-25 14:00:43,850 | INFO     | choreographer.utils._tmpfile | TemporaryDirectory.cleanup() worked.
2026-09-25 14:00:43,850 | INFO     | choreographer.utils._tmpfile | shutil.rmtree worked.
2026-09-25 14:00:43,856 | INFO     | choreographer.browsers.chromium | Chromium init'ed with kwargs {}
2026-09-25 14:00:43,856 | INFO     | choreographer.browsers.chromium | Found chromium path: C:\Program Files (x86)\Google\Chrome\Application\chrome.exe
2026-09-25 14:00:43,857 | INFO     | choreographer.utils._tmpfile | Temp directory created: C:\Users\PC41\AppData\Local\Temp\tmppfnmmju1.
2026-09-25 14:00:43,857 | INFO     | choreographer.browser_async | Opening browser.
2026-09-25 14:00:43,858 | INFO     | choreographer.utils._tmpfile | Temp directory created: C:\Users\PC41\AppData\Local\Temp\tmpkujpjvrs.
2026-09-25 14:00:43,858 | INFO     | choreographer.browsers.chromium | Temporary directory at: C:\Users\PC41\AppData\Local\Temp\tmpkujpjvrs
2026-09-25 14:00:44,306 | INFO     | kaleido.kaleido | Conforming 1 to file:///C:/Users/PC41/AppData/Local/Temp/tmppfnmmju1/index.html
2026-09-25 14:00:45,747 | INFO     | kaleido.kaleido | Getting tab from queue (has 1)
2026-09-25 14:00:45,747 | INFO     | kaleido.kaleido | Got CDC4
2026-09-25 14:00:45,913 | INFO     | kaleido.kaleido | Reloading tab CDC4 before return.
2026-09-25 14:00:46,039 | INFO     | kaleido.kaleido | Putting tab CDC4 back (queue size: 0).
2026-09-25 14:00:46,039 | INFO     | kaleido.kaleido | Waiting for all cleanups to finish.
2026-09-25 14:00:46,039 | INFO     | kaleido.kaleido | Exiting Kaleido.
2026-09-25 14:00:46,040 | INFO     | choreographer.utils._tmpfile | TemporaryDirectory.cleanup() worked.
2026-09-25 14:00:46,040 | INFO     | choreographer.utils._tmpfile | shutil.rmtree worked.
2026-09-25 14:00:46,040 | INFO     | choreographer.browser_async | Closing browser.
2026-09-25 14:00:46,090 | INFO     | choreographer.utils._tmpfile | TemporaryDirectory.cleanup() worked.
2026-09-25 14:00:46,091 | INFO     | choreographer.utils._tmpfile | shutil.rmtree worked.
2026-09-25 14:00:46,091 | INFO     | choreographer.browser_async | Closing browser.
2026-09-25 14:00:46,091 | INFO     | kaleido.kaleido | Cancelling tasks.
2026-09-25 14:00:46,091 | INFO     | kaleido.kaleido | Exiting Kaleido/Choreo.
2026-09-25 14:00:46,370 | INFO     | choreographer.utils._tmpfile | TemporaryDirectory.cleanup() worked.
2026-09-25 14:00:46,371 | INFO     | choreographer.utils._tmpfile | shutil.rmtree worked.
2026-09-25 14:00:46,371 | INFO     | kaleido.kaleido | Cancelling tasks.
2026-09-25 14:00:46,371 | INFO     | kaleido.kaleido | Exiting Kaleido/Choreo.
2026-09-25 14:00:46,372 | INFO     | modulos.graficos | Grafico generado: C:\Users\PC41\Desktop\Dev\Informe Diario\informe_precios\datos\evol_mibgas.png
2026-09-25 14:00:46,387 | INFO     | choreographer.utils._tmpfile | TemporaryDirectory.cleanup() worked.
2026-09-25 14:00:46,388 | INFO     | choreographer.utils._tmpfile | shutil.rmtree worked.
2026-09-25 14:00:47,506 | INFO     | modulos.generar_pdf | PDF generado: C:\Users\PC41\Desktop\Dev\Informe Diario\salida\Informe Precio Diario 25.09.2026.pdf
2026-09-25 14:00:47,507 | INFO     | informe | === Informe completado: C:\Users\PC41\Desktop\Dev\Informe Diario\salida\Informe Precio Diario 25.09.2026.pdf ===
2026-09-25 14:00:47,513 | INFO     | modulos.contactos | Destinatarios (2): tbrellenthin@medhesa.es, esanroman@medhesa.es
2026-09-25 14:00:47,686 | INFO     | modulos.enviar_correo | Imágenes de la firma (1): image001.jpg
2026-09-25 14:00:47,836 | INFO     | modulos.enviar_correo | Enviado a tbrellenthin@medhesa.es
2026-09-25 14:00:47,924 | INFO     | modulos.enviar_correo | Enviado a esanroman@medhesa.es
2026-09-25 14:00:47,931 | INFO     | informe | Informe enviado a 2 destinatarios
